SuperstructureState, PDPVoltage, PDPTotalPower, PDPTemp, timestamp
IDLE, 0.0, 0.0, 0.0, 578.649014
IDLE, 0.0, 0.0, 0.0, 578.709265
IDLE, 0.0, 0.0, 0.0, 578.728517
IDLE, 0.0, 0.0, 0.0, 578.750499
IDLE, 0.0, 0.0, 0.0, 578.777248
IDLE, 0.0, 0.0, 0.0, 578.803465
IDLE, 0.0, 0.0, 0.0, 578.824267
IDLE, 0.0, 0.0, 0.0, 578.843952
IDLE, 0.0, 0.0, 0.0, 578.866367
IDLE, 0.0, 0.0, 0.0, 578.891889
IDLE, 0.0, 0.0, 0.0, 578.918575
IDLE, 0.0, 0.0, 0.0, 578.940492
IDLE, 0.0, 0.0, 0.0, 578.963601
IDLE, 0.0, 0.0, 0.0, 578.979417
IDLE, 0.0, 0.0, 0.0, 579.006472
IDLE, 0.0, 0.0, 0.0, 579.029759
IDLE, 0.0, 0.0, 0.0, 579.050126
IDLE, 0.0, 0.0, 0.0, 579.069104
IDLE, 0.0, 0.0, 0.0, 579.089476
IDLE, 0.0, 0.0, 0.0, 579.110021
IDLE, 0.0, 0.0, 0.0, 579.134027
IDLE, 0.0, 0.0, 0.0, 579.165816
IDLE, 0.0, 0.0, 0.0, 579.186026
IDLE, 0.0, 0.0, 0.0, 579.208179
IDLE, 0.0, 0.0, 0.0, 579.233444
IDLE, 0.0, 0.0, 0.0, 579.258328
IDLE, 0.0, 0.0, 0.0, 579.285714
IDLE, 0.0, 0.0, 0.0, 579.306751
IDLE, 0.0, 0.0, 0.0, 579.331317
IDLE, 0.0, 0.0, 0.0, 579.356631
IDLE, 0.0, 0.0, 0.0, 579.377951
IDLE, 0.0, 0.0, 0.0, 579.386153
IDLE, 0.0, 0.0, 0.0, 579.395513
IDLE, 0.0, 0.0, 0.0, 579.419799
IDLE, 0.0, 0.0, 0.0, 579.447495
IDLE, 0.0, 0.0, 0.0, 579.461457
IDLE, 0.0, 0.0, 0.0, 579.483332
IDLE, 0.0, 0.0, 0.0, 579.507384
IDLE, 0.0, 0.0, 0.0, 579.530647
IDLE, 0.0, 0.0, 0.0, 579.549241
IDLE, 0.0, 0.0, 0.0, 579.57023
IDLE, 0.0, 0.0, 0.0, 579.599328
IDLE, 0.0, 0.0, 0.0, 579.62227
IDLE, 0.0, 0.0, 0.0, 579.647549
IDLE, 0.0, 0.0, 0.0, 579.666119
IDLE, 0.0, 0.0, 0.0, 579.691275
IDLE, 0.0, 0.0, 0.0, 579.710995
IDLE, 0.0, 0.0, 0.0, 579.731098
IDLE, 0.0, 0.0, 0.0, 579.756137
IDLE, 0.0, 0.0, 0.0, 579.785438
IDLE, 0.0, 0.0, 0.0, 579.800517
IDLE, 0.0, 0.0, 0.0, 579.821935
IDLE, 0.0, 0.0, 0.0, 579.847598
IDLE, 0.0, 0.0, 0.0, 579.866535
IDLE, 0.0, 0.0, 0.0, 579.880381
IDLE, 0.0, 0.0, 0.0, 579.907439
IDLE, 0.0, 0.0, 0.0, 579.927794
IDLE, 0.0, 0.0, 0.0, 579.951612
IDLE, 0.0, 0.0, 0.0, 579.973063
IDLE, 0.0, 0.0, 0.0, 579.998641
IDLE, 0.0, 0.0, 0.0, 580.016338
IDLE, 0.0, 0.0, 0.0, 580.039822
IDLE, 0.0, 0.0, 0.0, 580.05769
IDLE, 0.0, 0.0, 0.0, 580.076998
IDLE, 0.0, 0.0, 0.0, 580.102048
IDLE, 0.0, 0.0, 0.0, 580.120405
IDLE, 0.0, 0.0, 0.0, 580.146237
IDLE, 0.0, 0.0, 0.0, 580.164657
IDLE, 0.0, 0.0, 0.0, 580.182046
IDLE, 0.0, 0.0, 0.0, 580.206568
IDLE, 0.0, 0.0, 0.0, 580.235316
IDLE, 0.0, 0.0, 0.0, 580.247738
IDLE, 0.0, 0.0, 0.0, 580.257119
IDLE, 0.0, 0.0, 0.0, 580.274774
IDLE, 0.0, 0.0, 0.0, 580.304809
IDLE, 0.0, 0.0, 0.0, 580.330379
IDLE, 0.0, 0.0, 0.0, 580.347705
IDLE, 0.0, 0.0, 0.0, 580.366115
IDLE, 0.0, 0.0, 0.0, 580.389299
IDLE, 0.0, 0.0, 0.0, 580.411095
IDLE, 0.0, 0.0, 0.0, 580.434754
IDLE, 0.0, 0.0, 0.0, 580.457005
IDLE, 0.0, 0.0, 0.0, 580.479607
IDLE, 0.0, 0.0, 0.0, 580.50079
IDLE, 0.0, 0.0, 0.0, 580.528473
IDLE, 0.0, 0.0, 0.0, 580.547057
IDLE, 0.0, 0.0, 0.0, 580.571526
IDLE, 0.0, 0.0, 0.0, 580.592534
IDLE, 0.0, 0.0, 0.0, 580.610836
IDLE, 0.0, 0.0, 0.0, 580.633557
IDLE, 0.0, 0.0, 0.0, 580.655953
IDLE, 0.0, 0.0, 0.0, 580.673382
IDLE, 0.0, 0.0, 0.0, 580.697802
IDLE, 0.0, 0.0, 0.0, 580.715956
IDLE, 0.0, 0.0, 0.0, 580.738796
IDLE, 0.0, 0.0, 0.0, 580.767911
IDLE, 0.0, 0.0, 0.0, 580.788269
IDLE, 0.0, 0.0, 0.0, 580.810742
IDLE, 0.0, 0.0, 0.0, 580.830239
IDLE, 0.0, 0.0, 0.0, 580.847525
IDLE, 0.0, 0.0, 0.0, 580.868368
IDLE, 0.0, 0.0, 0.0, 580.889212
IDLE, 0.0, 0.0, 0.0, 580.904479
IDLE, 0.0, 0.0, 0.0, 580.929896
IDLE, 0.0, 0.0, 0.0, 580.948431
IDLE, 0.0, 0.0, 0.0, 580.96887
IDLE, 0.0, 0.0, 0.0, 580.991126
IDLE, 0.0, 0.0, 0.0, 581.009922
IDLE, 0.0, 0.0, 0.0, 581.030938
IDLE, 0.0, 0.0, 0.0, 581.052134
IDLE, 0.0, 0.0, 0.0, 581.069662
IDLE, 0.0, 0.0, 0.0, 581.092795
IDLE, 0.0, 0.0, 0.0, 581.111368
IDLE, 0.0, 0.0, 0.0, 581.135749
IDLE, 0.0, 0.0, 0.0, 581.15671
IDLE, 0.0, 0.0, 0.0, 581.173807
IDLE, 0.0, 0.0, 0.0, 581.198955
IDLE, 0.0, 0.0, 0.0, 581.216284
IDLE, 0.0, 0.0, 0.0, 581.236194
IDLE, 0.0, 0.0, 0.0, 581.257901
IDLE, 0.0, 0.0, 0.0, 582.886833
IDLE, 0.0, 0.0, 0.0, 582.904577
IDLE, 0.0, 0.0, 0.0, 582.92235
IDLE, 0.0, 0.0, 0.0, 582.94661
IDLE, 0.0, 0.0, 0.0, 582.966216
IDLE, 0.0, 0.0, 0.0, 582.987847
IDLE, 0.0, 0.0, 0.0, 583.003616
IDLE, 0.0, 0.0, 0.0, 583.024856
IDLE, 0.0, 0.0, 0.0, 583.045582
IDLE, 0.0, 0.0, 0.0, 583.05855
IDLE, 0.0, 0.0, 0.0, 583.085756
IDLE, 0.0, 0.0, 0.0, 583.101551
IDLE, 0.0, 0.0, 0.0, 583.127813
IDLE, 0.0, 0.0, 0.0, 583.148157
IDLE, 0.0, 0.0, 0.0, 583.16943
IDLE, 0.0, 0.0, 0.0, 583.190843
IDLE, 0.0, 0.0, 0.0, 583.210116
IDLE, 0.0, 0.0, 0.0, 583.224777
IDLE, 0.0, 0.0, 0.0, 583.248756
IDLE, 0.0, 0.0, 0.0, 583.262062
IDLE, 0.0, 0.0, 0.0, 583.291239
IDLE, 0.0, 0.0, 0.0, 583.309375
IDLE, 0.0, 0.0, 0.0, 583.3266
IDLE, 0.0, 0.0, 0.0, 583.348837
IDLE, 0.0, 0.0, 0.0, 583.369543
IDLE, 0.0, 0.0, 0.0, 583.394136
IDLE, 0.0, 0.0, 0.0, 583.41527
IDLE, 0.0, 0.0, 0.0, 583.431438
IDLE, 0.0, 0.0, 0.0, 583.463831
IDLE, 0.0, 0.0, 0.0, 583.477965
IDLE, 0.0, 0.0, 0.0, 583.507835
IDLE, 0.0, 0.0, 0.0, 583.525196
IDLE, 0.0, 0.0, 0.0, 583.548846
IDLE, 0.0, 0.0, 0.0, 583.566924
IDLE, 0.0, 0.0, 0.0, 583.585048
IDLE, 0.0, 0.0, 0.0, 583.60642
IDLE, 0.0, 0.0, 0.0, 583.628005
IDLE, 0.0, 0.0, 0.0, 583.650623
IDLE, 0.0, 0.0, 0.0, 583.67236
IDLE, 0.0, 0.0, 0.0, 583.698643
IDLE, 0.0, 0.0, 0.0, 583.72127
IDLE, 0.0, 0.0, 0.0, 583.742398
IDLE, 0.0, 0.0, 0.0, 583.767178
IDLE, 0.0, 0.0, 0.0, 583.782892
IDLE, 0.0, 0.0, 0.0, 583.810104
IDLE, 0.0, 0.0, 0.0, 583.833327
IDLE, 0.0, 0.0, 0.0, 583.851512
IDLE, 0.0, 0.0, 0.0, 583.872663
IDLE, 0.0, 0.0, 0.0, 583.888762
IDLE, 0.0, 0.0, 0.0, 583.910231
IDLE, 0.0, 0.0, 0.0, 583.952737
IDLE, 0.0, 0.0, 0.0, 583.971084
IDLE, 0.0, 0.0, 0.0, 583.991362
IDLE, 0.0, 0.0, 0.0, 584.010394
IDLE, 0.0, 0.0, 0.0, 584.037279
IDLE, 0.0, 0.0, 0.0, 584.053611
IDLE, 0.0, 0.0, 0.0, 584.071303
IDLE, 0.0, 0.0, 0.0, 584.093941
IDLE, 0.0, 0.0, 0.0, 584.120796
IDLE, 0.0, 0.0, 0.0, 584.136727
IDLE, 0.0, 0.0, 0.0, 584.16235
IDLE, 0.0, 0.0, 0.0, 584.181565
IDLE, 0.0, 0.0, 0.0, 584.201569
IDLE, 0.0, 0.0, 0.0, 584.220574
IDLE, 0.0, 0.0, 0.0, 584.243815
IDLE, 0.0, 0.0, 0.0, 584.266287
IDLE, 0.0, 0.0, 0.0, 584.286511
IDLE, 0.0, 0.0, 0.0, 584.302051
IDLE, 0.0, 0.0, 0.0, 584.333348
IDLE, 0.0, 0.0, 0.0, 584.36382
IDLE, 0.0, 0.0, 0.0, 584.382336
IDLE, 0.0, 0.0, 0.0, 584.402206
IDLE, 0.0, 0.0, 0.0, 584.426672
IDLE, 0.0, 0.0, 0.0, 584.446004
IDLE, 0.0, 0.0, 0.0, 584.470534
IDLE, 0.0, 0.0, 0.0, 584.488737
IDLE, 0.0, 0.0, 0.0, 584.518026
IDLE, 0.0, 0.0, 0.0, 584.535662
IDLE, 0.0, 0.0, 0.0, 584.554051
IDLE, 0.0, 0.0, 0.0, 584.57417
IDLE, 0.0, 0.0, 0.0, 584.595423
IDLE, 0.0, 0.0, 0.0, 584.61431
IDLE, 0.0, 0.0, 0.0, 584.636406
IDLE, 0.0, 0.0, 0.0, 584.656846
IDLE, 0.0, 0.0, 0.0, 584.674879
IDLE, 0.0, 0.0, 0.0, 584.697868
IDLE, 0.0, 0.0, 0.0, 584.719307
IDLE, 0.0, 0.0, 0.0, 584.740977
IDLE, 0.0, 0.0, 0.0, 584.757361
IDLE, 0.0, 0.0, 0.0, 584.784926
IDLE, 0.0, 0.0, 0.0, 584.805076
IDLE, 0.0, 0.0, 0.0, 584.822405
IDLE, 0.0, 0.0, 0.0, 584.848124
IDLE, 0.0, 0.0, 0.0, 584.86134
IDLE, 0.0, 0.0, 0.0, 584.888523
IDLE, 0.0, 0.0, 0.0, 584.905133
IDLE, 0.0, 0.0, 0.0, 584.922201
IDLE, 0.0, 0.0, 0.0, 584.930096
IDLE, 0.0, 0.0, 0.0, 584.940642
IDLE, 0.0, 0.0, 0.0, 584.9652
IDLE, 0.0, 0.0, 0.0, 584.986945
IDLE, 0.0, 0.0, 0.0, 585.009728
IDLE, 0.0, 0.0, 0.0, 585.030597
IDLE, 0.0, 0.0, 0.0, 585.052455
IDLE, 0.0, 0.0, 0.0, 585.070392
IDLE, 0.0, 0.0, 0.0, 585.091883
IDLE, 0.0, 0.0, 0.0, 585.112717
IDLE, 0.0, 0.0, 0.0, 585.135658
IDLE, 0.0, 0.0, 0.0, 585.158429
IDLE, 0.0, 0.0, 0.0, 585.182061
IDLE, 0.0, 0.0, 0.0, 585.209399
IDLE, 0.0, 0.0, 0.0, 585.231551
IDLE, 0.0, 0.0, 0.0, 585.253742
IDLE, 0.0, 0.0, 0.0, 585.282577
IDLE, 0.0, 0.0, 0.0, 585.299648
IDLE, 0.0, 0.0, 0.0, 585.323311
IDLE, 0.0, 0.0, 0.0, 585.345583
IDLE, 0.0, 0.0, 0.0, 585.371205
IDLE, 0.0, 0.0, 0.0, 585.393215
IDLE, 0.0, 0.0, 0.0, 585.414981
IDLE, 0.0, 0.0, 0.0, 585.446434
IDLE, 0.0, 0.0, 0.0, 585.467437
IDLE, 0.0, 0.0, 0.0, 585.49115
IDLE, 0.0, 0.0, 0.0, 585.513402
IDLE, 0.0, 0.0, 0.0, 585.540446
IDLE, 0.0, 0.0, 0.0, 585.564976
IDLE, 0.0, 0.0, 0.0, 585.586627
IDLE, 0.0, 0.0, 0.0, 585.609695
IDLE, 0.0, 0.0, 0.0, 585.628239
IDLE, 0.0, 0.0, 0.0, 585.650779
IDLE, 0.0, 0.0, 0.0, 585.680249
IDLE, 0.0, 0.0, 0.0, 585.703788
IDLE, 0.0, 0.0, 0.0, 585.730672
IDLE, 0.0, 0.0, 0.0, 585.753895
IDLE, 0.0, 0.0, 0.0, 585.781469
IDLE, 0.0, 0.0, 0.0, 585.801799
IDLE, 0.0, 0.0, 0.0, 585.824984
IDLE, 0.0, 0.0, 0.0, 585.848131
IDLE, 0.0, 0.0, 0.0, 585.8726
IDLE, 0.0, 0.0, 0.0, 585.893898
IDLE, 0.0, 0.0, 0.0, 585.926343
IDLE, 0.0, 0.0, 0.0, 585.942951
IDLE, 0.0, 0.0, 0.0, 585.970806
IDLE, 0.0, 0.0, 0.0, 585.991042
IDLE, 0.0, 0.0, 0.0, 586.014032
IDLE, 0.0, 0.0, 0.0, 586.038199
IDLE, 0.0, 0.0, 0.0, 586.061477
IDLE, 0.0, 0.0, 0.0, 586.089159
IDLE, 0.0, 0.0, 0.0, 586.105849
IDLE, 0.0, 0.0, 0.0, 586.124196
IDLE, 0.0, 0.0, 0.0, 586.132551
IDLE, 0.0, 0.0, 0.0, 586.152139
IDLE, 0.0, 0.0, 0.0, 586.183754
IDLE, 0.0, 0.0, 0.0, 586.214057
IDLE, 0.0, 0.0, 0.0, 586.237511
IDLE, 0.0, 0.0, 0.0, 586.262441
IDLE, 0.0, 0.0, 0.0, 586.289686
IDLE, 0.0, 0.0, 0.0, 586.312592
IDLE, 0.0, 0.0, 0.0, 586.338736
IDLE, 0.0, 0.0, 0.0, 586.35541
IDLE, 0.0, 0.0, 0.0, 586.386669
IDLE, 0.0, 0.0, 0.0, 586.403538
IDLE, 0.0, 0.0, 0.0, 586.427856
IDLE, 0.0, 0.0, 0.0, 586.450388
IDLE, 0.0, 0.0, 0.0, 586.475272
IDLE, 0.0, 0.0, 0.0, 586.506646
IDLE, 0.0, 0.0, 0.0, 586.528346
IDLE, 0.0, 0.0, 0.0, 586.548956
IDLE, 0.0, 0.0, 0.0, 586.576005
IDLE, 0.0, 0.0, 0.0, 586.599335
IDLE, 0.0, 0.0, 0.0, 586.608141
IDLE, 0.0, 0.0, 0.0, 586.618945
IDLE, 0.0, 0.0, 0.0, 586.648655
IDLE, 0.0, 0.0, 0.0, 586.665479
IDLE, 0.0, 0.0, 0.0, 586.6919
IDLE, 0.0, 0.0, 0.0, 586.714251
IDLE, 0.0, 0.0, 0.0, 586.734036
IDLE, 0.0, 0.0, 0.0, 586.753986
IDLE, 0.0, 0.0, 0.0, 586.774941
IDLE, 0.0, 0.0, 0.0, 586.802471
IDLE, 0.0, 0.0, 0.0, 586.823934
IDLE, 0.0, 0.0, 0.0, 586.856187
IDLE, 0.0, 0.0, 0.0, 586.880821
IDLE, 0.0, 0.0, 0.0, 586.896488
IDLE, 0.0, 0.0, 0.0, 586.920664
IDLE, 0.0, 0.0, 0.0, 586.938861
IDLE, 0.0, 0.0, 0.0, 586.958548
IDLE, 0.0, 0.0, 0.0, 586.96716
IDLE, 0.0, 0.0, 0.0, 586.97492
IDLE, 0.0, 0.0, 0.0, 587.002948
IDLE, 0.0, 0.0, 0.0, 587.020255
IDLE, 0.0, 0.0, 0.0, 587.034947
IDLE, 0.0, 0.0, 0.0, 587.056049
IDLE, 0.0, 0.0, 0.0, 587.07921
IDLE, 0.0, 0.0, 0.0, 587.099878
IDLE, 0.0, 0.0, 0.0, 587.124746
IDLE, 0.0, 0.0, 0.0, 587.143942
IDLE, 0.0, 0.0, 0.0, 587.168571
IDLE, 0.0, 0.0, 0.0, 587.19443
IDLE, 0.0, 0.0, 0.0, 587.217839
IDLE, 0.0, 0.0, 0.0, 587.244031
IDLE, 0.0, 0.0, 0.0, 587.261381
IDLE, 0.0, 0.0, 0.0, 587.27955
IDLE, 0.0, 0.0, 0.0, 587.303676
IDLE, 0.0, 0.0, 0.0, 587.320064
IDLE, 0.0, 0.0, 0.0, 587.341445
IDLE, 0.0, 0.0, 0.0, 587.364176
IDLE, 0.0, 0.0, 0.0, 587.379396
IDLE, 0.0, 0.0, 0.0, 587.402767
IDLE, 0.0, 0.0, 0.0, 587.422402
IDLE, 0.0, 0.0, 0.0, 587.439783
IDLE, 0.0, 0.0, 0.0, 587.457059
IDLE, 0.0, 0.0, 0.0, 587.47889
IDLE, 0.0, 0.0, 0.0, 587.497036
IDLE, 0.0, 0.0, 0.0, 587.521648
IDLE, 0.0, 0.0, 0.0, 587.539244
IDLE, 0.0, 0.0, 0.0, 587.558153
IDLE, 0.0, 0.0, 0.0, 587.591416
IDLE, 0.0, 0.0, 0.0, 587.615934
IDLE, 0.0, 0.0, 0.0, 587.643401
IDLE, 0.0, 0.0, 0.0, 587.66473
IDLE, 0.0, 0.0, 0.0, 587.687388
IDLE, 0.0, 0.0, 0.0, 587.700616
IDLE, 0.0, 0.0, 0.0, 587.720056
IDLE, 0.0, 0.0, 0.0, 587.742403
IDLE, 0.0, 0.0, 0.0, 587.765136
IDLE, 0.0, 0.0, 0.0, 587.78922
IDLE, 0.0, 0.0, 0.0, 587.812088
IDLE, 0.0, 0.0, 0.0, 587.832175
IDLE, 0.0, 0.0, 0.0, 587.857598
IDLE, 0.0, 0.0, 0.0, 587.879398
IDLE, 0.0, 0.0, 0.0, 587.900518
IDLE, 0.0, 0.0, 0.0, 587.923491
IDLE, 0.0, 0.0, 0.0, 587.940538
IDLE, 0.0, 0.0, 0.0, 587.967913
IDLE, 0.0, 0.0, 0.0, 587.990946
IDLE, 0.0, 0.0, 0.0, 588.006991
IDLE, 0.0, 0.0, 0.0, 588.020855
IDLE, 0.0, 0.0, 0.0, 588.044267
IDLE, 0.0, 0.0, 0.0, 588.061394
IDLE, 0.0, 0.0, 0.0, 588.084649
IDLE, 0.0, 0.0, 0.0, 588.099034
IDLE, 0.0, 0.0, 0.0, 588.119396
IDLE, 0.0, 0.0, 0.0, 588.14127
IDLE, 0.0, 0.0, 0.0, 588.155517
IDLE, 0.0, 0.0, 0.0, 588.183865
IDLE, 0.0, 0.0, 0.0, 588.20242
IDLE, 0.0, 0.0, 0.0, 588.228678
IDLE, 0.0, 0.0, 0.0, 588.24839
IDLE, 0.0, 0.0, 0.0, 588.26932
IDLE, 0.0, 0.0, 0.0, 588.288959
IDLE, 0.0, 0.0, 0.0, 588.305207
IDLE, 0.0, 0.0, 0.0, 588.328975
IDLE, 0.0, 0.0, 0.0, 588.347548
IDLE, 0.0, 0.0, 0.0, 588.372935
IDLE, 0.0, 0.0, 0.0, 588.408922
IDLE, 0.0, 0.0, 0.0, 588.439554
IDLE, 0.0, 0.0, 0.0, 588.464852
IDLE, 0.0, 0.0, 0.0, 588.483824
IDLE, 0.0, 0.0, 0.0, 588.512777
IDLE, 0.0, 0.0, 0.0, 588.533031
IDLE, 0.0, 0.0, 0.0, 588.554343
IDLE, 0.0, 0.0, 0.0, 588.578692
IDLE, 0.0, 0.0, 0.0, 588.598386
IDLE, 0.0, 0.0, 0.0, 588.62576
IDLE, 0.0, 0.0, 0.0, 588.642511
IDLE, 0.0, 0.0, 0.0, 588.666243
IDLE, 0.0, 0.0, 0.0, 588.681659
IDLE, 0.0, 0.0, 0.0, 588.696063
IDLE, 0.0, 0.0, 0.0, 588.714202
IDLE, 0.0, 0.0, 0.0, 588.73713
IDLE, 0.0, 0.0, 0.0, 588.757689
IDLE, 0.0, 0.0, 0.0, 588.766186
IDLE, 0.0, 0.0, 0.0, 588.77349
IDLE, 0.0, 0.0, 0.0, 588.792081
IDLE, 0.0, 0.0, 0.0, 588.81772
IDLE, 0.0, 0.0, 0.0, 588.845392
IDLE, 0.0, 0.0, 0.0, 588.858609
IDLE, 0.0, 0.0, 0.0, 588.889568
IDLE, 0.0, 0.0, 0.0, 588.909383
IDLE, 0.0, 0.0, 0.0, 588.930983
IDLE, 0.0, 0.0, 0.0, 588.952121
IDLE, 0.0, 0.0, 0.0, 588.969151
IDLE, 0.0, 0.0, 0.0, 588.986403
IDLE, 0.0, 0.0, 0.0, 589.007798
IDLE, 0.0, 0.0, 0.0, 589.026496
IDLE, 0.0, 0.0, 0.0, 589.048729
IDLE, 0.0, 0.0, 0.0, 589.069386
IDLE, 0.0, 0.0, 0.0, 589.092518
IDLE, 0.0, 0.0, 0.0, 589.112587
IDLE, 0.0, 0.0, 0.0, 589.131123
IDLE, 0.0, 0.0, 0.0, 589.146224
IDLE, 0.0, 0.0, 0.0, 589.166914
IDLE, 0.0, 0.0, 0.0, 589.185263
IDLE, 0.0, 0.0, 0.0, 589.21086
IDLE, 0.0, 0.0, 0.0, 589.23358
IDLE, 0.0, 0.0, 0.0, 589.255307
IDLE, 0.0, 0.0, 0.0, 589.275275
IDLE, 0.0, 0.0, 0.0, 589.297741
IDLE, 0.0, 0.0, 0.0, 589.323761
IDLE, 0.0, 0.0, 0.0, 589.34889
IDLE, 0.0, 0.0, 0.0, 589.379604
IDLE, 0.0, 0.0, 0.0, 589.405198
IDLE, 0.0, 0.0, 0.0, 589.432107
IDLE, 0.0, 0.0, 0.0, 589.459668
IDLE, 0.0, 0.0, 0.0, 589.486072
IDLE, 0.0, 0.0, 0.0, 589.508194
IDLE, 0.0, 0.0, 0.0, 589.526817
IDLE, 0.0, 0.0, 0.0, 589.554133
IDLE, 0.0, 0.0, 0.0, 589.579978
IDLE, 0.0, 0.0, 0.0, 589.603075
IDLE, 0.0, 0.0, 0.0, 589.627149
IDLE, 0.0, 0.0, 0.0, 589.64893
IDLE, 0.0, 0.0, 0.0, 589.680152
IDLE, 0.0, 0.0, 0.0, 589.707471
IDLE, 0.0, 0.0, 0.0, 589.731638
IDLE, 0.0, 0.0, 0.0, 589.758173
IDLE, 0.0, 0.0, 0.0, 589.786731
IDLE, 0.0, 0.0, 0.0, 589.810385
IDLE, 0.0, 0.0, 0.0, 589.841172
IDLE, 0.0, 0.0, 0.0, 589.871133
IDLE, 0.0, 0.0, 0.0, 589.892969
IDLE, 0.0, 0.0, 0.0, 589.920804
IDLE, 0.0, 0.0, 0.0, 589.948727
IDLE, 0.0, 0.0, 0.0, 589.969132
IDLE, 0.0, 0.0, 0.0, 589.992962
IDLE, 0.0, 0.0, 0.0, 590.017719
IDLE, 0.0, 0.0, 0.0, 590.048442
IDLE, 0.0, 0.0, 0.0, 590.069721
IDLE, 0.0, 0.0, 0.0, 590.107467
IDLE, 0.0, 0.0, 0.0, 590.12928
IDLE, 0.0, 0.0, 0.0, 590.148566
IDLE, 0.0, 0.0, 0.0, 590.177884
IDLE, 0.0, 0.0, 0.0, 590.206022
IDLE, 0.0, 0.0, 0.0, 590.228237
IDLE, 0.0, 0.0, 0.0, 590.253251
IDLE, 0.0, 0.0, 0.0, 590.279697
IDLE, 0.0, 0.0, 0.0, 590.308033
IDLE, 0.0, 0.0, 0.0, 590.331522
IDLE, 0.0, 0.0, 0.0, 590.354944
IDLE, 0.0, 0.0, 0.0, 590.382912
IDLE, 0.0, 0.0, 0.0, 590.408221
IDLE, 0.0, 0.0, 0.0, 590.432613
IDLE, 0.0, 0.0, 0.0, 590.462167
IDLE, 0.0, 0.0, 0.0, 590.495495
IDLE, 0.0, 0.0, 0.0, 590.531397
IDLE, 0.0, 0.0, 0.0, 590.553707
IDLE, 0.0, 0.0, 0.0, 590.582181
IDLE, 0.0, 0.0, 0.0, 590.607206
IDLE, 0.0, 0.0, 0.0, 590.632093
IDLE, 0.0, 0.0, 0.0, 590.66065
IDLE, 0.0, 0.0, 0.0, 590.690702
IDLE, 0.0, 0.0, 0.0, 590.712163
IDLE, 0.0, 0.0, 0.0, 590.737758
IDLE, 0.0, 0.0, 0.0, 590.764848
IDLE, 0.0, 0.0, 0.0, 590.792167
IDLE, 0.0, 0.0, 0.0, 590.820147
IDLE, 0.0, 0.0, 0.0, 590.849229
IDLE, 0.0, 0.0, 0.0, 590.874487
IDLE, 0.0, 0.0, 0.0, 590.900437
IDLE, 0.0, 0.0, 0.0, 590.926955
IDLE, 0.0, 0.0, 0.0, 590.949393
IDLE, 0.0, 0.0, 0.0, 590.972903
IDLE, 0.0, 0.0, 0.0, 590.999224
IDLE, 0.0, 0.0, 0.0, 591.028838
IDLE, 0.0, 0.0, 0.0, 591.051799
IDLE, 0.0, 0.0, 0.0, 591.0785
IDLE, 0.0, 0.0, 0.0, 591.101947
IDLE, 0.0, 0.0, 0.0, 591.12996
IDLE, 0.0, 0.0, 0.0, 591.151191
IDLE, 0.0, 0.0, 0.0, 591.174107
IDLE, 0.0, 0.0, 0.0, 591.201458
IDLE, 0.0, 0.0, 0.0, 591.229549
IDLE, 0.0, 0.0, 0.0, 591.257538
IDLE, 0.0, 0.0, 0.0, 591.284843
IDLE, 0.0, 0.0, 0.0, 591.315966
IDLE, 0.0, 0.0, 0.0, 591.342768
IDLE, 0.0, 0.0, 0.0, 591.371019
IDLE, 0.0, 0.0, 0.0, 591.404806
IDLE, 0.0, 0.0, 0.0, 591.430592
IDLE, 0.0, 0.0, 0.0, 591.463521
IDLE, 0.0, 0.0, 0.0, 591.491928
IDLE, 0.0, 0.0, 0.0, 591.525446
IDLE, 0.0, 0.0, 0.0, 591.548494
IDLE, 0.0, 0.0, 0.0, 591.570449
IDLE, 0.0, 0.0, 0.0, 591.593907
IDLE, 0.0, 0.0, 0.0, 591.620411
IDLE, 0.0, 0.0, 0.0, 591.649696
IDLE, 0.0, 0.0, 0.0, 591.673795
IDLE, 0.0, 0.0, 0.0, 591.702106
IDLE, 0.0, 0.0, 0.0, 591.725701
IDLE, 0.0, 0.0, 0.0, 591.751284
IDLE, 0.0, 0.0, 0.0, 591.779215
IDLE, 0.0, 0.0, 0.0, 591.804112
IDLE, 0.0, 0.0, 0.0, 591.828064
IDLE, 0.0, 0.0, 0.0, 591.852556
IDLE, 0.0, 0.0, 0.0, 591.882681
IDLE, 0.0, 0.0, 0.0, 591.91224
IDLE, 0.0, 0.0, 0.0, 591.937863
IDLE, 0.0, 0.0, 0.0, 591.966001
IDLE, 0.0, 0.0, 0.0, 591.992394
IDLE, 0.0, 0.0, 0.0, 592.02223
IDLE, 0.0, 0.0, 0.0, 592.050049
IDLE, 0.0, 0.0, 0.0, 592.073295
IDLE, 0.0, 0.0, 0.0, 592.096329
IDLE, 0.0, 0.0, 0.0, 592.123827
IDLE, 0.0, 0.0, 0.0, 592.150682
IDLE, 0.0, 0.0, 0.0, 592.172682
IDLE, 0.0, 0.0, 0.0, 592.193908
IDLE, 0.0, 0.0, 0.0, 592.220152
IDLE, 0.0, 0.0, 0.0, 592.250979
IDLE, 0.0, 0.0, 0.0, 592.276389
IDLE, 0.0, 0.0, 0.0, 592.305135
IDLE, 0.0, 0.0, 0.0, 592.33184
IDLE, 0.0, 0.0, 0.0, 592.356977
IDLE, 0.0, 0.0, 0.0, 592.387176
IDLE, 0.0, 0.0, 0.0, 592.414415
IDLE, 0.0, 0.0, 0.0, 592.447317
IDLE, 0.0, 0.0, 0.0, 592.473819
IDLE, 0.0, 0.0, 0.0, 592.499135
IDLE, 0.0, 0.0, 0.0, 592.530532
IDLE, 0.0, 0.0, 0.0, 592.566729
IDLE, 0.0, 0.0, 0.0, 592.596996
IDLE, 0.0, 0.0, 0.0, 592.62709
IDLE, 0.0, 0.0, 0.0, 592.656433
IDLE, 0.0, 0.0, 0.0, 592.687769
IDLE, 0.0, 0.0, 0.0, 592.718397
IDLE, 0.0, 0.0, 0.0, 592.75119
IDLE, 0.0, 0.0, 0.0, 592.777515
IDLE, 0.0, 0.0, 0.0, 592.808594
IDLE, 0.0, 0.0, 0.0, 592.840409
IDLE, 0.0, 0.0, 0.0, 592.869371
IDLE, 0.0, 0.0, 0.0, 592.903553
IDLE, 0.0, 0.0, 0.0, 592.929443
IDLE, 0.0, 0.0, 0.0, 592.960329
IDLE, 0.0, 0.0, 0.0, 592.988773
IDLE, 0.0, 0.0, 0.0, 593.012822
IDLE, 0.0, 0.0, 0.0, 593.044953
IDLE, 0.0, 0.0, 0.0, 593.067819
IDLE, 0.0, 0.0, 0.0, 593.092911
IDLE, 0.0, 0.0, 0.0, 593.113694
IDLE, 0.0, 0.0, 0.0, 593.139339
IDLE, 0.0, 0.0, 0.0, 593.16809
IDLE, 0.0, 0.0, 0.0, 593.204893
IDLE, 0.0, 0.0, 0.0, 593.234436
IDLE, 0.0, 0.0, 0.0, 593.272413
IDLE, 0.0, 0.0, 0.0, 593.30245
IDLE, 0.0, 0.0, 0.0, 593.330008
IDLE, 0.0, 0.0, 0.0, 593.368395
IDLE, 0.0, 0.0, 0.0, 593.389972
IDLE, 0.0, 0.0, 0.0, 593.410555
IDLE, 0.0, 0.0, 0.0, 593.440843
IDLE, 0.0, 0.0, 0.0, 593.470867
IDLE, 0.0, 0.0, 0.0, 593.494223
IDLE, 0.0, 0.0, 0.0, 593.529235
IDLE, 0.0, 0.0, 0.0, 593.554677
IDLE, 0.0, 0.0, 0.0, 593.589347
IDLE, 0.0, 0.0, 0.0, 593.609643
IDLE, 0.0, 0.0, 0.0, 593.641634
IDLE, 0.0, 0.0, 0.0, 593.672059
IDLE, 0.0, 0.0, 0.0, 593.698742
IDLE, 0.0, 0.0, 0.0, 593.737538
IDLE, 0.0, 0.0, 0.0, 593.760316
IDLE, 0.0, 0.0, 0.0, 593.793422
IDLE, 0.0, 0.0, 0.0, 593.82335
IDLE, 0.0, 0.0, 0.0, 593.849498
IDLE, 0.0, 0.0, 0.0, 593.875722
IDLE, 0.0, 0.0, 0.0, 593.90055
IDLE, 0.0, 0.0, 0.0, 593.933336
IDLE, 0.0, 0.0, 0.0, 593.960189
IDLE, 0.0, 0.0, 0.0, 593.990372
IDLE, 0.0, 0.0, 0.0, 594.01239
IDLE, 0.0, 0.0, 0.0, 594.042766
IDLE, 0.0, 0.0, 0.0, 594.069119
IDLE, 0.0, 0.0, 0.0, 594.090646
IDLE, 0.0, 0.0, 0.0, 594.119182
IDLE, 0.0, 0.0, 0.0, 594.144435
IDLE, 0.0, 0.0, 0.0, 594.171623
IDLE, 0.0, 0.0, 0.0, 594.200213
IDLE, 0.0, 0.0, 0.0, 594.228383
IDLE, 0.0, 0.0, 0.0, 594.250728
IDLE, 0.0, 0.0, 0.0, 594.274063
IDLE, 0.0, 0.0, 0.0, 594.300445
IDLE, 0.0, 0.0, 0.0, 594.332348
IDLE, 0.0, 0.0, 0.0, 594.366738
IDLE, 0.0, 0.0, 0.0, 594.390286
IDLE, 0.0, 0.0, 0.0, 594.414139
IDLE, 0.0, 0.0, 0.0, 594.444016
IDLE, 0.0, 0.0, 0.0, 594.474428
IDLE, 0.0, 0.0, 0.0, 594.497366
IDLE, 0.0, 0.0, 0.0, 594.531629
IDLE, 0.0, 0.0, 0.0, 594.563967
IDLE, 0.0, 0.0, 0.0, 594.584924
IDLE, 0.0, 0.0, 0.0, 594.62042
IDLE, 0.0, 0.0, 0.0, 594.647394
IDLE, 0.0, 0.0, 0.0, 594.672276
IDLE, 0.0, 0.0, 0.0, 594.694387
IDLE, 0.0, 0.0, 0.0, 594.7226
IDLE, 0.0, 0.0, 0.0, 594.748119
IDLE, 0.0, 0.0, 0.0, 594.771121
IDLE, 0.0, 0.0, 0.0, 594.799258
IDLE, 0.0, 0.0, 0.0, 594.829517
IDLE, 0.0, 0.0, 0.0, 594.851687
IDLE, 0.0, 0.0, 0.0, 594.884695
IDLE, 0.0, 0.0, 0.0, 594.909991
IDLE, 0.0, 0.0, 0.0, 594.93002
IDLE, 0.0, 0.0, 0.0, 594.95899
IDLE, 0.0, 0.0, 0.0, 594.989322
IDLE, 0.0, 0.0, 0.0, 595.015182
IDLE, 0.0, 0.0, 0.0, 595.044563
IDLE, 0.0, 0.0, 0.0, 595.068743
IDLE, 0.0, 0.0, 0.0, 595.096986
IDLE, 0.0, 0.0, 0.0, 595.129827
IDLE, 0.0, 0.0, 0.0, 595.152487
IDLE, 0.0, 0.0, 0.0, 595.177953
IDLE, 0.0, 0.0, 0.0, 595.204511
IDLE, 0.0, 0.0, 0.0, 595.232184
IDLE, 0.0, 0.0, 0.0, 595.253966
IDLE, 0.0, 0.0, 0.0, 595.276855
IDLE, 0.0, 0.0, 0.0, 595.30817
IDLE, 0.0, 0.0, 0.0, 595.332806
IDLE, 0.0, 0.0, 0.0, 595.358252
IDLE, 0.0, 0.0, 0.0, 595.387593
IDLE, 0.0, 0.0, 0.0, 595.409157
IDLE, 0.0, 0.0, 0.0, 595.433302
IDLE, 0.0, 0.0, 0.0, 595.454325
IDLE, 0.0, 0.0, 0.0, 595.479432
IDLE, 0.0, 0.0, 0.0, 595.509358
IDLE, 0.0, 0.0, 0.0, 595.536291
IDLE, 0.0, 0.0, 0.0, 595.556545
IDLE, 0.0, 0.0, 0.0, 595.586419
IDLE, 0.0, 0.0, 0.0, 595.610603
IDLE, 0.0, 0.0, 0.0, 595.641428
IDLE, 0.0, 0.0, 0.0, 595.668177
IDLE, 0.0, 0.0, 0.0, 595.693819
IDLE, 0.0, 0.0, 0.0, 595.721942
IDLE, 0.0, 0.0, 0.0, 595.751423
IDLE, 0.0, 0.0, 0.0, 595.77384
IDLE, 0.0, 0.0, 0.0, 595.800482
IDLE, 0.0, 0.0, 0.0, 595.835251
IDLE, 0.0, 0.0, 0.0, 595.859107
IDLE, 0.0, 0.0, 0.0, 595.890021
IDLE, 0.0, 0.0, 0.0, 595.915725
IDLE, 0.0, 0.0, 0.0, 595.946791
IDLE, 0.0, 0.0, 0.0, 595.972349
IDLE, 0.0, 0.0, 0.0, 595.994405
IDLE, 0.0, 0.0, 0.0, 596.022053
IDLE, 0.0, 0.0, 0.0, 596.049435
IDLE, 0.0, 0.0, 0.0, 596.071483
IDLE, 0.0, 0.0, 0.0, 596.098297
IDLE, 0.0, 0.0, 0.0, 596.379587
IDLE, 0.0, 0.0, 0.0, 596.398748
IDLE, 0.0, 0.0, 0.0, 596.419307
IDLE, 0.0, 0.0, 0.0, 596.43676
IDLE, 0.0, 0.0, 0.0, 596.461348
IDLE, 0.0, 0.0, 0.0, 596.47821
IDLE, 0.0, 0.0, 0.0, 596.504465
IDLE, 0.0, 0.0, 0.0, 596.51948
IDLE, 0.0, 0.0, 0.0, 596.538694
IDLE, 0.0, 0.0, 0.0, 596.562241
IDLE, 0.0, 0.0, 0.0, 596.579234
IDLE, 0.0, 0.0, 0.0, 596.598627
IDLE, 0.0, 0.0, 0.0, 596.616124
IDLE, 0.0, 0.0, 0.0, 596.642677
IDLE, 0.0, 0.0, 0.0, 596.66316
IDLE, 0.0, 0.0, 0.0, 596.678511
IDLE, 0.0, 0.0, 0.0, 596.699219
IDLE, 0.0, 0.0, 0.0, 596.71826
IDLE, 0.0, 0.0, 0.0, 596.73744
IDLE, 0.0, 0.0, 0.0, 596.757405
IDLE, 0.0, 0.0, 0.0, 596.777572
IDLE, 0.0, 0.0, 0.0, 596.800554
IDLE, 0.0, 0.0, 0.0, 596.817771
IDLE, 0.0, 0.0, 0.0, 596.839539
IDLE, 0.0, 0.0, 0.0, 596.862373
IDLE, 0.0, 0.0, 0.0, 596.8787
IDLE, 0.0, 0.0, 0.0, 596.90698
IDLE, 0.0, 0.0, 0.0, 596.920001
IDLE, 0.0, 0.0, 0.0, 596.940398
IDLE, 0.0, 0.0, 0.0, 596.963245
IDLE, 0.0, 0.0, 0.0, 596.978038
IDLE, 0.0, 0.0, 0.0, 597.004438
IDLE, 0.0, 0.0, 0.0, 597.021182
IDLE, 0.0, 0.0, 0.0, 597.041025
IDLE, 0.0, 0.0, 0.0, 597.062511
IDLE, 0.0, 0.0, 0.0, 597.075937
IDLE, 0.0, 0.0, 0.0, 597.097976
IDLE, 0.0, 0.0, 0.0, 597.112479
IDLE, 0.0, 0.0, 0.0, 597.133532
IDLE, 0.0, 0.0, 0.0, 597.156295
IDLE, 0.0, 0.0, 0.0, 597.182566
IDLE, 0.0, 0.0, 0.0, 597.198687
IDLE, 0.0, 0.0, 0.0, 597.212107
IDLE, 0.0, 0.0, 0.0, 597.233612
IDLE, 0.0, 0.0, 0.0, 597.255463
IDLE, 0.0, 0.0, 0.0, 597.273669
IDLE, 0.0, 0.0, 0.0, 597.299011
IDLE, 0.0, 0.0, 0.0, 597.318747
IDLE, 0.0, 0.0, 0.0, 597.343698
IDLE, 0.0, 0.0, 0.0, 597.362591
IDLE, 0.0, 0.0, 0.0, 597.390483
IDLE, 0.0, 0.0, 0.0, 597.407507
IDLE, 0.0, 0.0, 0.0, 597.42618
IDLE, 0.0, 0.0, 0.0, 597.450086
IDLE, 0.0, 0.0, 0.0, 597.469397
IDLE, 0.0, 0.0, 0.0, 597.488887
IDLE, 0.0, 0.0, 0.0, 597.508403
IDLE, 0.0, 0.0, 0.0, 597.526148
IDLE, 0.0, 0.0, 0.0, 597.550593
IDLE, 0.0, 0.0, 0.0, 597.57032
IDLE, 0.0, 0.0, 0.0, 597.588186
IDLE, 0.0, 0.0, 0.0, 597.607811
IDLE, 0.0, 0.0, 0.0, 597.625457
IDLE, 0.0, 0.0, 0.0, 597.646238
IDLE, 0.0, 0.0, 0.0, 597.667071
IDLE, 0.0, 0.0, 0.0, 597.6845
IDLE, 0.0, 0.0, 0.0, 597.707725
IDLE, 0.0, 0.0, 0.0, 597.72525
IDLE, 0.0, 0.0, 0.0, 597.738196
IDLE, 0.0, 0.0, 0.0, 597.758949
IDLE, 0.0, 0.0, 0.0, 597.776678
IDLE, 0.0, 0.0, 0.0, 597.800196
IDLE, 0.0, 0.0, 0.0, 597.819751
IDLE, 0.0, 0.0, 0.0, 597.838583
IDLE, 0.0, 0.0, 0.0, 597.857489
IDLE, 0.0, 0.0, 0.0, 597.876836
IDLE, 0.0, 0.0, 0.0, 597.900636
IDLE, 0.0, 0.0, 0.0, 597.932167
IDLE, 0.0, 0.0, 0.0, 597.956108
IDLE, 0.0, 0.0, 0.0, 597.97915
IDLE, 0.0, 0.0, 0.0, 597.993866
IDLE, 0.0, 0.0, 0.0, 598.018654
IDLE, 0.0, 0.0, 0.0, 598.041052
IDLE, 0.0, 0.0, 0.0, 598.058032
IDLE, 0.0, 0.0, 0.0, 598.080488
IDLE, 0.0, 0.0, 0.0, 598.098023
IDLE, 0.0, 0.0, 0.0, 598.12081
IDLE, 0.0, 0.0, 0.0, 598.142051
IDLE, 0.0, 0.0, 0.0, 598.160222
IDLE, 0.0, 0.0, 0.0, 598.18053
IDLE, 0.0, 0.0, 0.0, 598.196214
IDLE, 0.0, 0.0, 0.0, 598.213844
IDLE, 0.0, 0.0, 0.0, 598.232918
IDLE, 0.0, 0.0, 0.0, 598.252257
IDLE, 0.0, 0.0, 0.0, 598.27057
IDLE, 0.0, 0.0, 0.0, 598.29026
IDLE, 0.0, 0.0, 0.0, 598.305347
IDLE, 0.0, 0.0, 0.0, 598.326304
IDLE, 0.0, 0.0, 0.0, 598.349572
IDLE, 0.0, 0.0, 0.0, 598.369658
IDLE, 0.0, 0.0, 0.0, 598.393871
IDLE, 0.0, 0.0, 0.0, 598.413609
IDLE, 0.0, 0.0, 0.0, 598.433072
IDLE, 0.0, 0.0, 0.0, 598.455278
IDLE, 0.0, 0.0, 0.0, 598.479157
IDLE, 0.0, 0.0, 0.0, 598.504031
IDLE, 0.0, 0.0, 0.0, 598.52365
IDLE, 0.0, 0.0, 0.0, 598.544837
IDLE, 0.0, 0.0, 0.0, 598.567943
IDLE, 0.0, 0.0, 0.0, 598.591277
IDLE, 0.0, 0.0, 0.0, 598.611468
IDLE, 0.0, 0.0, 0.0, 598.63304
IDLE, 0.0, 0.0, 0.0, 598.652938
IDLE, 0.0, 0.0, 0.0, 598.670381
IDLE, 0.0, 0.0, 0.0, 598.693881
IDLE, 0.0, 0.0, 0.0, 598.721885
IDLE, 0.0, 0.0, 0.0, 598.740555
IDLE, 0.0, 0.0, 0.0, 598.756007
IDLE, 0.0, 0.0, 0.0, 598.781815
IDLE, 0.0, 0.0, 0.0, 598.800521
IDLE, 0.0, 0.0, 0.0, 598.820378
IDLE, 0.0, 0.0, 0.0, 598.845467
IDLE, 0.0, 0.0, 0.0, 598.857086
IDLE, 0.0, 0.0, 0.0, 598.882601
IDLE, 0.0, 0.0, 0.0, 598.901832
IDLE, 0.0, 0.0, 0.0, 598.920049
IDLE, 0.0, 0.0, 0.0, 598.939685
IDLE, 0.0, 0.0, 0.0, 598.955993
IDLE, 0.0, 0.0, 0.0, 598.97344
IDLE, 0.0, 0.0, 0.0, 598.991157
IDLE, 0.0, 0.0, 0.0, 599.012681
IDLE, 0.0, 0.0, 0.0, 599.032181
IDLE, 0.0, 0.0, 0.0, 599.052621
IDLE, 0.0, 0.0, 0.0, 599.074268
IDLE, 0.0, 0.0, 0.0, 599.099312
IDLE, 0.0, 0.0, 0.0, 599.114253
IDLE, 0.0, 0.0, 0.0, 599.132605
IDLE, 0.0, 0.0, 0.0, 599.152323
IDLE, 0.0, 0.0, 0.0, 599.172742
IDLE, 0.0, 0.0, 0.0, 599.197351
IDLE, 0.0, 0.0, 0.0, 599.218662
IDLE, 0.0, 0.0, 0.0, 599.237109
IDLE, 0.0, 0.0, 0.0, 599.258146
IDLE, 0.0, 0.0, 0.0, 599.283402
IDLE, 0.0, 0.0, 0.0, 599.30147
IDLE, 0.0, 0.0, 0.0, 599.321851
IDLE, 0.0, 0.0, 0.0, 599.34163
IDLE, 0.0, 0.0, 0.0, 599.362156
IDLE, 0.0, 0.0, 0.0, 599.384758
IDLE, 0.0, 0.0, 0.0, 599.400138
IDLE, 0.0, 0.0, 0.0, 599.419797
IDLE, 0.0, 0.0, 0.0, 599.438533
IDLE, 0.0, 0.0, 0.0, 599.457866
IDLE, 0.0, 0.0, 0.0, 599.480219
IDLE, 0.0, 0.0, 0.0, 599.498464
IDLE, 0.0, 0.0, 0.0, 599.519125
IDLE, 0.0, 0.0, 0.0, 599.540325
IDLE, 0.0, 0.0, 0.0, 599.561075
IDLE, 0.0, 0.0, 0.0, 599.577696
IDLE, 0.0, 0.0, 0.0, 599.598331
IDLE, 0.0, 0.0, 0.0, 599.620366
IDLE, 0.0, 0.0, 0.0, 599.641078
IDLE, 0.0, 0.0, 0.0, 599.664207
IDLE, 0.0, 0.0, 0.0, 599.679675
IDLE, 0.0, 0.0, 0.0, 599.700186
IDLE, 0.0, 0.0, 0.0, 599.722985
IDLE, 0.0, 0.0, 0.0, 599.745269
IDLE, 0.0, 0.0, 0.0, 599.771921
IDLE, 0.0, 0.0, 0.0, 599.794876
IDLE, 0.0, 0.0, 0.0, 599.81386
IDLE, 0.0, 0.0, 0.0, 599.838852
IDLE, 0.0, 0.0, 0.0, 599.8695
IDLE, 0.0, 0.0, 0.0, 599.885901
IDLE, 0.0, 0.0, 0.0, 599.906019
IDLE, 0.0, 0.0, 0.0, 599.931178
IDLE, 0.0, 0.0, 0.0, 599.949712
IDLE, 0.0, 0.0, 0.0, 599.972012
IDLE, 0.0, 0.0, 0.0, 599.993291
IDLE, 0.0, 0.0, 0.0, 600.013955
IDLE, 0.0, 0.0, 0.0, 600.038705
IDLE, 0.0, 0.0, 0.0, 600.061648
IDLE, 0.0, 0.0, 0.0, 600.082911
IDLE, 0.0, 0.0, 0.0, 600.105922
IDLE, 0.0, 0.0, 0.0, 600.128839
IDLE, 0.0, 0.0, 0.0, 600.153483
IDLE, 0.0, 0.0, 0.0, 600.173648
IDLE, 0.0, 0.0, 0.0, 600.201354
IDLE, 0.0, 0.0, 0.0, 600.219567
IDLE, 0.0, 0.0, 0.0, 600.244748
IDLE, 0.0, 0.0, 0.0, 600.267033
IDLE, 0.0, 0.0, 0.0, 600.283661
IDLE, 0.0, 0.0, 0.0, 600.312698
IDLE, 0.0, 0.0, 0.0, 600.333515
IDLE, 0.0, 0.0, 0.0, 600.361991
IDLE, 0.0, 0.0, 0.0, 600.379422
IDLE, 0.0, 0.0, 0.0, 600.40258
IDLE, 0.0, 0.0, 0.0, 600.427334
IDLE, 0.0, 0.0, 0.0, 600.446375
IDLE, 0.0, 0.0, 0.0, 600.466277
IDLE, 0.0, 0.0, 0.0, 600.49575
IDLE, 0.0, 0.0, 0.0, 600.518161
IDLE, 0.0, 0.0, 0.0, 600.538959
IDLE, 0.0, 0.0, 0.0, 600.568769
IDLE, 0.0, 0.0, 0.0, 600.590299
IDLE, 0.0, 0.0, 0.0, 600.612857
IDLE, 0.0, 0.0, 0.0, 600.634113
IDLE, 0.0, 0.0, 0.0, 600.654417
IDLE, 0.0, 0.0, 0.0, 600.673939
IDLE, 0.0, 0.0, 0.0, 600.699563
IDLE, 0.0, 0.0, 0.0, 600.720042
IDLE, 0.0, 0.0, 0.0, 600.728602
IDLE, 0.0, 0.0, 0.0, 600.740213
IDLE, 0.0, 0.0, 0.0, 600.767459
IDLE, 0.0, 0.0, 0.0, 600.787957
IDLE, 0.0, 0.0, 0.0, 600.811739
IDLE, 0.0, 0.0, 0.0, 600.836155
IDLE, 0.0, 0.0, 0.0, 600.860058
IDLE, 0.0, 0.0, 0.0, 600.883689
IDLE, 0.0, 0.0, 0.0, 600.904858
IDLE, 0.0, 0.0, 0.0, 600.928753
IDLE, 0.0, 0.0, 0.0, 600.949933
IDLE, 0.0, 0.0, 0.0, 600.974242
IDLE, 0.0, 0.0, 0.0, 600.996812
IDLE, 0.0, 0.0, 0.0, 601.020683
IDLE, 0.0, 0.0, 0.0, 601.035468
IDLE, 0.0, 0.0, 0.0, 601.05708
IDLE, 0.0, 0.0, 0.0, 601.085303
IDLE, 0.0, 0.0, 0.0, 601.101852
IDLE, 0.0, 0.0, 0.0, 601.122314
IDLE, 0.0, 0.0, 0.0, 601.147578
IDLE, 0.0, 0.0, 0.0, 601.167575
IDLE, 0.0, 0.0, 0.0, 601.191756
IDLE, 0.0, 0.0, 0.0, 601.216203
IDLE, 0.0, 0.0, 0.0, 601.236581
IDLE, 0.0, 0.0, 0.0, 601.268001
IDLE, 0.0, 0.0, 0.0, 601.287131
IDLE, 0.0, 0.0, 0.0, 601.309834
IDLE, 0.0, 0.0, 0.0, 601.332493
IDLE, 0.0, 0.0, 0.0, 601.351057
IDLE, 0.0, 0.0, 0.0, 601.371151
IDLE, 0.0, 0.0, 0.0, 601.391814
IDLE, 0.0, 0.0, 0.0, 601.413248
IDLE, 0.0, 0.0, 0.0, 601.432932
IDLE, 0.0, 0.0, 0.0, 601.452267
IDLE, 0.0, 0.0, 0.0, 601.476873
IDLE, 0.0, 0.0, 0.0, 601.506792
IDLE, 0.0, 0.0, 0.0, 601.522866
IDLE, 0.0, 0.0, 0.0, 601.542928
IDLE, 0.0, 0.0, 0.0, 601.564181
IDLE, 0.0, 0.0, 0.0, 601.584442
IDLE, 0.0, 0.0, 0.0, 601.608465
IDLE, 0.0, 0.0, 0.0, 601.625171
IDLE, 0.0, 0.0, 0.0, 601.641328
IDLE, 0.0, 0.0, 0.0, 601.664165
IDLE, 0.0, 0.0, 0.0, 601.685864
IDLE, 0.0, 0.0, 0.0, 601.704054
IDLE, 0.0, 0.0, 0.0, 601.72954
IDLE, 0.0, 0.0, 0.0, 601.745209
IDLE, 0.0, 0.0, 0.0, 601.775187
IDLE, 0.0, 0.0, 0.0, 601.793387
IDLE, 0.0, 0.0, 0.0, 601.812752
IDLE, 0.0, 0.0, 0.0, 601.84204
IDLE, 0.0, 0.0, 0.0, 601.857756
IDLE, 0.0, 0.0, 0.0, 601.88161
IDLE, 0.0, 0.0, 0.0, 601.89729
IDLE, 0.0, 0.0, 0.0, 601.92595
IDLE, 0.0, 0.0, 0.0, 601.944273
IDLE, 0.0, 0.0, 0.0, 601.971795
IDLE, 0.0, 0.0, 0.0, 601.99264
IDLE, 0.0, 0.0, 0.0, 602.012564
IDLE, 0.0, 0.0, 0.0, 602.032405
IDLE, 0.0, 0.0, 0.0, 602.055571
IDLE, 0.0, 0.0, 0.0, 602.07867
IDLE, 0.0, 0.0, 0.0, 602.094216
IDLE, 0.0, 0.0, 0.0, 602.11342
IDLE, 0.0, 0.0, 0.0, 602.133075
IDLE, 0.0, 0.0, 0.0, 602.156614
IDLE, 0.0, 0.0, 0.0, 602.176765
IDLE, 0.0, 0.0, 0.0, 602.197395
IDLE, 0.0, 0.0, 0.0, 602.219651
IDLE, 0.0, 0.0, 0.0, 602.239151
IDLE, 0.0, 0.0, 0.0, 602.254917
IDLE, 0.0, 0.0, 0.0, 602.273614
IDLE, 0.0, 0.0, 0.0, 602.294598
IDLE, 0.0, 0.0, 0.0, 602.313829
IDLE, 0.0, 0.0, 0.0, 602.335464
IDLE, 0.0, 0.0, 0.0, 602.361312
IDLE, 0.0, 0.0, 0.0, 602.38243
IDLE, 0.0, 0.0, 0.0, 602.402965
IDLE, 0.0, 0.0, 0.0, 602.426466
IDLE, 0.0, 0.0, 0.0, 602.440026
IDLE, 0.0, 0.0, 0.0, 602.468362
IDLE, 0.0, 0.0, 0.0, 602.480885
IDLE, 0.0, 0.0, 0.0, 602.499334
IDLE, 0.0, 0.0, 0.0, 602.526039
IDLE, 0.0, 0.0, 0.0, 602.538726
IDLE, 0.0, 0.0, 0.0, 602.563505
IDLE, 0.0, 0.0, 0.0, 602.582134
IDLE, 0.0, 0.0, 0.0, 602.602502
IDLE, 0.0, 0.0, 0.0, 602.628706
IDLE, 0.0, 0.0, 0.0, 602.641907
IDLE, 0.0, 0.0, 0.0, 602.661079
IDLE, 0.0, 0.0, 0.0, 602.678664
IDLE, 0.0, 0.0, 0.0, 602.69757
IDLE, 0.0, 0.0, 0.0, 602.72188
IDLE, 0.0, 0.0, 0.0, 602.741244
IDLE, 0.0, 0.0, 0.0, 602.759498
IDLE, 0.0, 0.0, 0.0, 602.767888
IDLE, 0.0, 0.0, 0.0, 602.778228
IDLE, 0.0, 0.0, 0.0, 602.80479
IDLE, 0.0, 0.0, 0.0, 602.825237
IDLE, 0.0, 0.0, 0.0, 602.847357
IDLE, 0.0, 0.0, 0.0, 602.862857
IDLE, 0.0, 0.0, 0.0, 602.887757
IDLE, 0.0, 0.0, 0.0, 602.906695
IDLE, 0.0, 0.0, 0.0, 602.92662
IDLE, 0.0, 0.0, 0.0, 602.948174
IDLE, 0.0, 0.0, 0.0, 602.968951
IDLE, 0.0, 0.0, 0.0, 602.989736
IDLE, 0.0, 0.0, 0.0, 603.008927
IDLE, 0.0, 0.0, 0.0, 603.028842
IDLE, 0.0, 0.0, 0.0, 603.048532
IDLE, 0.0, 0.0, 0.0, 603.06442
IDLE, 0.0, 0.0, 0.0, 603.087854
IDLE, 0.0, 0.0, 0.0, 603.103853
IDLE, 0.0, 0.0, 0.0, 603.126891
IDLE, 0.0, 0.0, 0.0, 603.144178
IDLE, 0.0, 0.0, 0.0, 603.159766
IDLE, 0.0, 0.0, 0.0, 603.18123
IDLE, 0.0, 0.0, 0.0, 603.196739
IDLE, 0.0, 0.0, 0.0, 603.222378
IDLE, 0.0, 0.0, 0.0, 603.242201
IDLE, 0.0, 0.0, 0.0, 603.258107
IDLE, 0.0, 0.0, 0.0, 603.273959
IDLE, 0.0, 0.0, 0.0, 603.294506
IDLE, 0.0, 0.0, 0.0, 603.313882
IDLE, 0.0, 0.0, 0.0, 603.331859
IDLE, 0.0, 0.0, 0.0, 603.355673
IDLE, 0.0, 0.0, 0.0, 603.372927
IDLE, 0.0, 0.0, 0.0, 603.396141
IDLE, 0.0, 0.0, 0.0, 603.414408
IDLE, 0.0, 0.0, 0.0, 603.432925
IDLE, 0.0, 0.0, 0.0, 603.456096
IDLE, 0.0, 0.0, 0.0, 603.480707
IDLE, 0.0, 0.0, 0.0, 603.500775
IDLE, 0.0, 0.0, 0.0, 603.519649
IDLE, 0.0, 0.0, 0.0, 603.539705
IDLE, 0.0, 0.0, 0.0, 603.55813
IDLE, 0.0, 0.0, 0.0, 603.58072
IDLE, 0.0, 0.0, 0.0, 603.605439
IDLE, 0.0, 0.0, 0.0, 603.617806
IDLE, 0.0, 0.0, 0.0, 603.64058
IDLE, 0.0, 0.0, 0.0, 603.658182
IDLE, 0.0, 0.0, 0.0, 603.674419
IDLE, 0.0, 0.0, 0.0, 603.702685
IDLE, 0.0, 0.0, 0.0, 603.719957
IDLE, 0.0, 0.0, 0.0, 603.736436
IDLE, 0.0, 0.0, 0.0, 603.765857
IDLE, 0.0, 0.0, 0.0, 603.779679
IDLE, 0.0, 0.0, 0.0, 603.798153
IDLE, 0.0, 0.0, 0.0, 603.821641
IDLE, 0.0, 0.0, 0.0, 603.840897
IDLE, 0.0, 0.0, 0.0, 603.860856
IDLE, 0.0, 0.0, 0.0, 603.879475
IDLE, 0.0, 0.0, 0.0, 603.897782
IDLE, 0.0, 0.0, 0.0, 603.917366
IDLE, 0.0, 0.0, 0.0, 603.940946
IDLE, 0.0, 0.0, 0.0, 603.967857
IDLE, 0.0, 0.0, 0.0, 603.983827
IDLE, 0.0, 0.0, 0.0, 604.002331
IDLE, 0.0, 0.0, 0.0, 604.025171
IDLE, 0.0, 0.0, 0.0, 604.038491
IDLE, 0.0, 0.0, 0.0, 604.065688
IDLE, 0.0, 0.0, 0.0, 604.08278
IDLE, 0.0, 0.0, 0.0, 604.106922
IDLE, 0.0, 0.0, 0.0, 604.127518
IDLE, 0.0, 0.0, 0.0, 604.141335
IDLE, 0.0, 0.0, 0.0, 604.16958
IDLE, 0.0, 0.0, 0.0, 604.187223
IDLE, 0.0, 0.0, 0.0, 604.205857
IDLE, 0.0, 0.0, 0.0, 604.227282
IDLE, 0.0, 0.0, 0.0, 604.241506
IDLE, 0.0, 0.0, 0.0, 604.262662
IDLE, 0.0, 0.0, 0.0, 604.282189
IDLE, 0.0, 0.0, 0.0, 604.297147
IDLE, 0.0, 0.0, 0.0, 604.322764
IDLE, 0.0, 0.0, 0.0, 604.338877
IDLE, 0.0, 0.0, 0.0, 604.358561
IDLE, 0.0, 0.0, 0.0, 604.38197
IDLE, 0.0, 0.0, 0.0, 604.39795
IDLE, 0.0, 0.0, 0.0, 604.424799
IDLE, 0.0, 0.0, 0.0, 604.442331
IDLE, 0.0, 0.0, 0.0, 604.460914
IDLE, 0.0, 0.0, 0.0, 604.469581
IDLE, 0.0, 0.0, 0.0, 604.481191
IDLE, 0.0, 0.0, 0.0, 604.505403
IDLE, 0.0, 0.0, 0.0, 604.522873
IDLE, 0.0, 0.0, 0.0, 604.548951
IDLE, 0.0, 0.0, 0.0, 604.564163
IDLE, 0.0, 0.0, 0.0, 604.581725
IDLE, 0.0, 0.0, 0.0, 604.599532
IDLE, 0.0, 0.0, 0.0, 604.617117
IDLE, 0.0, 0.0, 0.0, 604.628277
IDLE, 0.0, 0.0, 0.0, 604.654454
IDLE, 0.0, 0.0, 0.0, 604.673721
IDLE, 0.0, 0.0, 0.0, 604.693076
IDLE, 0.0, 0.0, 0.0, 604.717364
IDLE, 0.0, 0.0, 0.0, 604.738291
IDLE, 0.0, 0.0, 0.0, 604.758658
IDLE, 0.0, 0.0, 0.0, 604.776955
IDLE, 0.0, 0.0, 0.0, 604.801914
IDLE, 0.0, 0.0, 0.0, 604.812897
IDLE, 0.0, 0.0, 0.0, 604.836706
IDLE, 0.0, 0.0, 0.0, 604.856601
IDLE, 0.0, 0.0, 0.0, 604.877204
IDLE, 0.0, 0.0, 0.0, 604.902935
IDLE, 0.0, 0.0, 0.0, 604.914674
IDLE, 0.0, 0.0, 0.0, 604.944921
IDLE, 0.0, 0.0, 0.0, 604.962553
IDLE, 0.0, 0.0, 0.0, 604.98066
IDLE, 0.0, 0.0, 0.0, 605.006349
IDLE, 0.0, 0.0, 0.0, 605.018418
IDLE, 0.0, 0.0, 0.0, 605.038088
IDLE, 0.0, 0.0, 0.0, 605.045479
IDLE, 0.0, 0.0, 0.0, 605.053408
IDLE, 0.0, 0.0, 0.0, 605.07303
IDLE, 0.0, 0.0, 0.0, 605.093877
IDLE, 0.0, 0.0, 0.0, 605.113788
IDLE, 0.0, 0.0, 0.0, 605.134501
IDLE, 0.0, 0.0, 0.0, 605.154145
IDLE, 0.0, 0.0, 0.0, 605.174839
IDLE, 0.0, 0.0, 0.0, 605.195182
IDLE, 0.0, 0.0, 0.0, 605.217476
IDLE, 0.0, 0.0, 0.0, 605.233185
IDLE, 0.0, 0.0, 0.0, 605.250347
IDLE, 0.0, 0.0, 0.0, 605.269732
IDLE, 0.0, 0.0, 0.0, 605.289099
IDLE, 0.0, 0.0, 0.0, 605.310952
IDLE, 0.0, 0.0, 0.0, 605.333342
IDLE, 0.0, 0.0, 0.0, 605.359842
IDLE, 0.0, 0.0, 0.0, 605.378683
IDLE, 0.0, 0.0, 0.0, 605.405277
IDLE, 0.0, 0.0, 0.0, 605.421988
IDLE, 0.0, 0.0, 0.0, 605.447553
IDLE, 0.0, 0.0, 0.0, 605.468706
IDLE, 0.0, 0.0, 0.0, 605.486308
IDLE, 0.0, 0.0, 0.0, 605.510495
IDLE, 0.0, 0.0, 0.0, 605.527509
IDLE, 0.0, 0.0, 0.0, 605.545395
IDLE, 0.0, 0.0, 0.0, 605.566364
IDLE, 0.0, 0.0, 0.0, 605.585517
IDLE, 0.0, 0.0, 0.0, 605.61135
IDLE, 0.0, 0.0, 0.0, 605.629279
IDLE, 0.0, 0.0, 0.0, 605.646554
IDLE, 0.0, 0.0, 0.0, 605.669927
IDLE, 0.0, 0.0, 0.0, 605.690664
IDLE, 0.0, 0.0, 0.0, 605.712605
IDLE, 0.0, 0.0, 0.0, 605.736081
IDLE, 0.0, 0.0, 0.0, 605.75854
IDLE, 0.0, 0.0, 0.0, 605.775896
IDLE, 0.0, 0.0, 0.0, 605.798751
IDLE, 0.0, 0.0, 0.0, 605.819532
IDLE, 0.0, 0.0, 0.0, 605.833302
IDLE, 0.0, 0.0, 0.0, 605.857982
IDLE, 0.0, 0.0, 0.0, 605.87757
IDLE, 0.0, 0.0, 0.0, 605.897038
IDLE, 0.0, 0.0, 0.0, 605.917989
IDLE, 0.0, 0.0, 0.0, 605.942973
IDLE, 0.0, 0.0, 0.0, 605.960382
IDLE, 0.0, 0.0, 0.0, 605.979236
IDLE, 0.0, 0.0, 0.0, 606.000107
IDLE, 0.0, 0.0, 0.0, 606.026312
IDLE, 0.0, 0.0, 0.0, 606.046942
IDLE, 0.0, 0.0, 0.0, 606.06761
IDLE, 0.0, 0.0, 0.0, 606.090651
IDLE, 0.0, 0.0, 0.0, 606.112606
IDLE, 0.0, 0.0, 0.0, 606.132463
IDLE, 0.0, 0.0, 0.0, 606.150129
IDLE, 0.0, 0.0, 0.0, 606.169867
IDLE, 0.0, 0.0, 0.0, 606.185832
IDLE, 0.0, 0.0, 0.0, 606.204453
IDLE, 0.0, 0.0, 0.0, 606.225349
IDLE, 0.0, 0.0, 0.0, 606.243549
IDLE, 0.0, 0.0, 0.0, 606.266921
IDLE, 0.0, 0.0, 0.0, 606.287455
IDLE, 0.0, 0.0, 0.0, 606.30864
IDLE, 0.0, 0.0, 0.0, 606.323898
IDLE, 0.0, 0.0, 0.0, 606.342484
IDLE, 0.0, 0.0, 0.0, 606.367131
IDLE, 0.0, 0.0, 0.0, 606.380826
IDLE, 0.0, 0.0, 0.0, 606.407085
IDLE, 0.0, 0.0, 0.0, 606.42409
IDLE, 0.0, 0.0, 0.0, 606.439812
IDLE, 0.0, 0.0, 0.0, 606.461611
IDLE, 0.0, 0.0, 0.0, 606.480613
IDLE, 0.0, 0.0, 0.0, 606.499941
IDLE, 0.0, 0.0, 0.0, 606.523909
IDLE, 0.0, 0.0, 0.0, 606.543501
IDLE, 0.0, 0.0, 0.0, 606.568734
IDLE, 0.0, 0.0, 0.0, 606.587706
IDLE, 0.0, 0.0, 0.0, 606.60412
IDLE, 0.0, 0.0, 0.0, 606.628701
IDLE, 0.0, 0.0, 0.0, 606.644559
IDLE, 0.0, 0.0, 0.0, 606.671633
IDLE, 0.0, 0.0, 0.0, 606.689479
IDLE, 0.0, 0.0, 0.0, 606.707907
IDLE, 0.0, 0.0, 0.0, 606.730193
IDLE, 0.0, 0.0, 0.0, 606.749643
IDLE, 0.0, 0.0, 0.0, 606.772882
IDLE, 0.0, 0.0, 0.0, 606.79435
IDLE, 0.0, 0.0, 0.0, 606.81101
IDLE, 0.0, 0.0, 0.0, 606.835962
IDLE, 0.0, 0.0, 0.0, 606.853218
IDLE, 0.0, 0.0, 0.0, 606.876069
IDLE, 0.0, 0.0, 0.0, 606.900373
IDLE, 0.0, 0.0, 0.0, 606.917745
IDLE, 0.0, 0.0, 0.0, 606.938906
IDLE, 0.0, 0.0, 0.0, 606.96656
IDLE, 0.0, 0.0, 0.0, 606.988055
IDLE, 0.0, 0.0, 0.0, 607.013003
IDLE, 0.0, 0.0, 0.0, 607.035789
IDLE, 0.0, 0.0, 0.0, 607.065285
IDLE, 0.0, 0.0, 0.0, 607.078174
IDLE, 0.0, 0.0, 0.0, 607.098648
IDLE, 0.0, 0.0, 0.0, 607.10727
IDLE, 0.0, 0.0, 0.0, 607.115503
IDLE, 0.0, 0.0, 0.0, 607.140827
IDLE, 0.0, 0.0, 0.0, 607.16844
IDLE, 0.0, 0.0, 0.0, 607.19634
IDLE, 0.0, 0.0, 0.0, 607.213431
IDLE, 0.0, 0.0, 0.0, 607.24186
IDLE, 0.0, 0.0, 0.0, 607.26196
IDLE, 0.0, 0.0, 0.0, 607.27846
IDLE, 0.0, 0.0, 0.0, 607.305002
IDLE, 0.0, 0.0, 0.0, 607.318404
IDLE, 0.0, 0.0, 0.0, 607.348738
IDLE, 0.0, 0.0, 0.0, 607.365952
IDLE, 0.0, 0.0, 0.0, 607.381962
IDLE, 0.0, 0.0, 0.0, 607.409262
IDLE, 0.0, 0.0, 0.0, 607.430366
IDLE, 0.0, 0.0, 0.0, 607.449959
IDLE, 0.0, 0.0, 0.0, 607.479494
IDLE, 0.0, 0.0, 0.0, 607.49934
IDLE, 0.0, 0.0, 0.0, 607.528568
IDLE, 0.0, 0.0, 0.0, 607.549184
IDLE, 0.0, 0.0, 0.0, 607.571238
IDLE, 0.0, 0.0, 0.0, 607.593523
IDLE, 0.0, 0.0, 0.0, 607.615271
IDLE, 0.0, 0.0, 0.0, 607.642902
IDLE, 0.0, 0.0, 0.0, 607.659965
IDLE, 0.0, 0.0, 0.0, 607.681232
IDLE, 0.0, 0.0, 0.0, 607.709382
IDLE, 0.0, 0.0, 0.0, 607.725758
IDLE, 0.0, 0.0, 0.0, 607.750198
IDLE, 0.0, 0.0, 0.0, 607.776887
IDLE, 0.0, 0.0, 0.0, 607.801015
IDLE, 0.0, 0.0, 0.0, 607.828734
IDLE, 0.0, 0.0, 0.0, 607.845125
IDLE, 0.0, 0.0, 0.0, 607.867911
IDLE, 0.0, 0.0, 0.0, 607.88963
IDLE, 0.0, 0.0, 0.0, 607.906819
IDLE, 0.0, 0.0, 0.0, 607.923123
IDLE, 0.0, 0.0, 0.0, 607.931501
IDLE, 0.0, 0.0, 0.0, 607.946267
IDLE, 0.0, 0.0, 0.0, 607.970261
IDLE, 0.0, 0.0, 0.0, 607.992005
IDLE, 0.0, 0.0, 0.0, 608.021114
IDLE, 0.0, 0.0, 0.0, 608.04482
IDLE, 0.0, 0.0, 0.0, 608.069354
IDLE, 0.0, 0.0, 0.0, 608.092154
IDLE, 0.0, 0.0, 0.0, 608.115317
IDLE, 0.0, 0.0, 0.0, 608.136587
IDLE, 0.0, 0.0, 0.0, 608.169538
IDLE, 0.0, 0.0, 0.0, 608.187791
IDLE, 0.0, 0.0, 0.0, 608.208152
IDLE, 0.0, 0.0, 0.0, 608.233265
IDLE, 0.0, 0.0, 0.0, 608.256302
IDLE, 0.0, 0.0, 0.0, 608.279623
IDLE, 0.0, 0.0, 0.0, 608.307705
IDLE, 0.0, 0.0, 0.0, 608.330124
IDLE, 0.0, 0.0, 0.0, 608.352304
IDLE, 0.0, 0.0, 0.0, 608.375785
IDLE, 0.0, 0.0, 0.0, 608.39846
IDLE, 0.0, 0.0, 0.0, 608.422351
IDLE, 0.0, 0.0, 0.0, 608.443728
IDLE, 0.0, 0.0, 0.0, 608.47227
IDLE, 0.0, 0.0, 0.0, 608.489283
IDLE, 0.0, 0.0, 0.0, 608.50467
IDLE, 0.0, 0.0, 0.0, 608.513362
IDLE, 0.0, 0.0, 0.0, 608.532465
IDLE, 0.0, 0.0, 0.0, 608.560891
IDLE, 0.0, 0.0, 0.0, 608.583611
IDLE, 0.0, 0.0, 0.0, 608.599737
IDLE, 0.0, 0.0, 0.0, 608.619469
IDLE, 0.0, 0.0, 0.0, 608.638222
IDLE, 0.0, 0.0, 0.0, 608.661994
IDLE, 0.0, 0.0, 0.0, 608.685035
IDLE, 0.0, 0.0, 0.0, 608.69993
IDLE, 0.0, 0.0, 0.0, 608.726107
IDLE, 0.0, 0.0, 0.0, 608.745004
IDLE, 0.0, 0.0, 0.0, 608.762829
IDLE, 0.0, 0.0, 0.0, 608.785795
IDLE, 0.0, 0.0, 0.0, 608.806708
IDLE, 0.0, 0.0, 0.0, 608.822117
IDLE, 0.0, 0.0, 0.0, 608.842561
IDLE, 0.0, 0.0, 0.0, 608.863949
IDLE, 0.0, 0.0, 0.0, 608.88875
IDLE, 0.0, 0.0, 0.0, 608.905581
IDLE, 0.0, 0.0, 0.0, 608.929391
IDLE, 0.0, 0.0, 0.0, 608.94976
IDLE, 0.0, 0.0, 0.0, 608.968144
IDLE, 0.0, 0.0, 0.0, 608.990084
IDLE, 0.0, 0.0, 0.0, 609.010668
IDLE, 0.0, 0.0, 0.0, 609.03078
IDLE, 0.0, 0.0, 0.0, 609.049508
IDLE, 0.0, 0.0, 0.0, 609.073446
IDLE, 0.0, 0.0, 0.0, 609.093984
IDLE, 0.0, 0.0, 0.0, 609.114182
IDLE, 0.0, 0.0, 0.0, 609.132188
IDLE, 0.0, 0.0, 0.0, 609.152775
IDLE, 0.0, 0.0, 0.0, 609.172894
IDLE, 0.0, 0.0, 0.0, 609.193044
IDLE, 0.0, 0.0, 0.0, 609.210734
IDLE, 0.0, 0.0, 0.0, 609.22898
IDLE, 0.0, 0.0, 0.0, 609.250423
IDLE, 0.0, 0.0, 0.0, 609.272646
IDLE, 0.0, 0.0, 0.0, 609.292235
IDLE, 0.0, 0.0, 0.0, 609.317084
IDLE, 0.0, 0.0, 0.0, 609.338499
IDLE, 0.0, 0.0, 0.0, 609.353738
IDLE, 0.0, 0.0, 0.0, 609.371666
IDLE, 0.0, 0.0, 0.0, 609.394791
IDLE, 0.0, 0.0, 0.0, 609.423039
IDLE, 0.0, 0.0, 0.0, 609.445151
IDLE, 0.0, 0.0, 0.0, 609.466534
IDLE, 0.0, 0.0, 0.0, 609.486862
IDLE, 0.0, 0.0, 0.0, 609.500486
IDLE, 0.0, 0.0, 0.0, 609.528832
IDLE, 0.0, 0.0, 0.0, 609.54237
IDLE, 0.0, 0.0, 0.0, 609.562719
IDLE, 0.0, 0.0, 0.0, 609.59025
IDLE, 0.0, 0.0, 0.0, 609.610538
IDLE, 0.0, 0.0, 0.0, 609.633318
IDLE, 0.0, 0.0, 0.0, 609.654453
IDLE, 0.0, 0.0, 0.0, 609.678176
IDLE, 0.0, 0.0, 0.0, 609.696659
IDLE, 0.0, 0.0, 0.0, 609.715779
IDLE, 0.0, 0.0, 0.0, 609.733311
IDLE, 0.0, 0.0, 0.0, 609.761927
IDLE, 0.0, 0.0, 0.0, 609.785828
IDLE, 0.0, 0.0, 0.0, 609.80151
IDLE, 0.0, 0.0, 0.0, 609.829943
IDLE, 0.0, 0.0, 0.0, 609.846994
IDLE, 0.0, 0.0, 0.0, 609.86238
IDLE, 0.0, 0.0, 0.0, 609.893021
IDLE, 0.0, 0.0, 0.0, 609.911866
IDLE, 0.0, 0.0, 0.0, 609.932228
IDLE, 0.0, 0.0, 0.0, 609.954031
IDLE, 0.0, 0.0, 0.0, 609.97571
IDLE, 0.0, 0.0, 0.0, 609.995852
IDLE, 0.0, 0.0, 0.0, 610.017141
IDLE, 0.0, 0.0, 0.0, 610.042433
IDLE, 0.0, 0.0, 0.0, 610.065479
IDLE, 0.0, 0.0, 0.0, 610.085898
IDLE, 0.0, 0.0, 0.0, 610.098661
IDLE, 0.0, 0.0, 0.0, 610.125409
IDLE, 0.0, 0.0, 0.0, 610.142573
IDLE, 0.0, 0.0, 0.0, 610.162254
IDLE, 0.0, 0.0, 0.0, 610.184904
IDLE, 0.0, 0.0, 0.0, 610.196895
IDLE, 0.0, 0.0, 0.0, 610.21876
IDLE, 0.0, 0.0, 0.0, 610.237616
IDLE, 0.0, 0.0, 0.0, 610.255813
IDLE, 0.0, 0.0, 0.0, 610.273741
IDLE, 0.0, 0.0, 0.0, 610.29525
IDLE, 0.0, 0.0, 0.0, 610.320349
IDLE, 0.0, 0.0, 0.0, 610.341072
IDLE, 0.0, 0.0, 0.0, 610.355419
IDLE, 0.0, 0.0, 0.0, 610.37326
IDLE, 0.0, 0.0, 0.0, 610.396044
IDLE, 0.0, 0.0, 0.0, 610.421313
IDLE, 0.0, 0.0, 0.0, 610.441208
IDLE, 0.0, 0.0, 0.0, 610.462457
IDLE, 0.0, 0.0, 0.0, 610.488456
IDLE, 0.0, 0.0, 0.0, 610.506705
IDLE, 0.0, 0.0, 0.0, 610.528957
IDLE, 0.0, 0.0, 0.0, 610.552967
IDLE, 0.0, 0.0, 0.0, 610.575048
IDLE, 0.0, 0.0, 0.0, 610.598846
IDLE, 0.0, 0.0, 0.0, 610.617613
IDLE, 0.0, 0.0, 0.0, 610.632833
IDLE, 0.0, 0.0, 0.0, 610.655648
IDLE, 0.0, 0.0, 0.0, 610.682928
IDLE, 0.0, 0.0, 0.0, 610.700637
IDLE, 0.0, 0.0, 0.0, 610.718167
IDLE, 0.0, 0.0, 0.0, 610.745479
IDLE, 0.0, 0.0, 0.0, 610.759857
IDLE, 0.0, 0.0, 0.0, 610.775579
IDLE, 0.0, 0.0, 0.0, 610.792496
IDLE, 0.0, 0.0, 0.0, 610.822052
IDLE, 0.0, 0.0, 0.0, 610.839216
IDLE, 0.0, 0.0, 0.0, 610.862035
IDLE, 0.0, 0.0, 0.0, 610.876589
IDLE, 0.0, 0.0, 0.0, 610.895874
IDLE, 0.0, 0.0, 0.0, 610.912425
IDLE, 0.0, 0.0, 0.0, 610.939678
IDLE, 0.0, 0.0, 0.0, 610.966163
IDLE, 0.0, 0.0, 0.0, 610.984972
IDLE, 0.0, 0.0, 0.0, 611.002846
IDLE, 0.0, 0.0, 0.0, 611.029637
IDLE, 0.0, 0.0, 0.0, 611.047182
IDLE, 0.0, 0.0, 0.0, 611.07239
IDLE, 0.0, 0.0, 0.0, 611.091017
IDLE, 0.0, 0.0, 0.0, 611.112377
IDLE, 0.0, 0.0, 0.0, 611.132534
IDLE, 0.0, 0.0, 0.0, 611.153969
IDLE, 0.0, 0.0, 0.0, 611.173453
IDLE, 0.0, 0.0, 0.0, 611.191053
IDLE, 0.0, 0.0, 0.0, 611.211303
IDLE, 0.0, 0.0, 0.0, 611.232303
IDLE, 0.0, 0.0, 0.0, 611.260366
IDLE, 0.0, 0.0, 0.0, 611.279317
IDLE, 0.0, 0.0, 0.0, 611.297273
IDLE, 0.0, 0.0, 0.0, 611.323508
IDLE, 0.0, 0.0, 0.0, 611.337748
IDLE, 0.0, 0.0, 0.0, 611.366648
IDLE, 0.0, 0.0, 0.0, 611.383314
IDLE, 0.0, 0.0, 0.0, 611.405106
IDLE, 0.0, 0.0, 0.0, 611.42606
IDLE, 0.0, 0.0, 0.0, 611.44462
IDLE, 0.0, 0.0, 0.0, 611.465579
IDLE, 0.0, 0.0, 0.0, 611.484645
IDLE, 0.0, 0.0, 0.0, 611.513409
IDLE, 0.0, 0.0, 0.0, 611.532874
IDLE, 0.0, 0.0, 0.0, 611.552424
IDLE, 0.0, 0.0, 0.0, 611.573144
IDLE, 0.0, 0.0, 0.0, 611.589343
IDLE, 0.0, 0.0, 0.0, 611.610817
IDLE, 0.0, 0.0, 0.0, 611.631091
IDLE, 0.0, 0.0, 0.0, 611.652589
IDLE, 0.0, 0.0, 0.0, 611.670302
IDLE, 0.0, 0.0, 0.0, 611.691662
IDLE, 0.0, 0.0, 0.0, 611.713064
IDLE, 0.0, 0.0, 0.0, 611.740709
IDLE, 0.0, 0.0, 0.0, 611.756854
IDLE, 0.0, 0.0, 0.0, 611.786713
IDLE, 0.0, 0.0, 0.0, 611.80316
IDLE, 0.0, 0.0, 0.0, 611.829791
IDLE, 0.0, 0.0, 0.0, 611.846232
IDLE, 0.0, 0.0, 0.0, 611.862919
IDLE, 0.0, 0.0, 0.0, 611.885414
IDLE, 0.0, 0.0, 0.0, 611.903135
IDLE, 0.0, 0.0, 0.0, 611.929949
IDLE, 0.0, 0.0, 0.0, 611.945531
IDLE, 0.0, 0.0, 0.0, 611.965725
IDLE, 0.0, 0.0, 0.0, 611.988398
IDLE, 0.0, 0.0, 0.0, 612.005415
IDLE, 0.0, 0.0, 0.0, 612.025464
IDLE, 0.0, 0.0, 0.0, 612.04837
IDLE, 0.0, 0.0, 0.0, 612.068142
IDLE, 0.0, 0.0, 0.0, 612.088403
IDLE, 0.0, 0.0, 0.0, 612.107098
IDLE, 0.0, 0.0, 0.0, 612.124391
IDLE, 0.0, 0.0, 0.0, 612.147185
IDLE, 0.0, 0.0, 0.0, 612.168912
IDLE, 0.0, 0.0, 0.0, 612.190643
IDLE, 0.0, 0.0, 0.0, 612.206504
IDLE, 0.0, 0.0, 0.0, 612.22886
IDLE, 0.0, 0.0, 0.0, 612.250053
IDLE, 0.0, 0.0, 0.0, 612.2692
IDLE, 0.0, 0.0, 0.0, 612.290479
IDLE, 0.0, 0.0, 0.0, 612.310871
IDLE, 0.0, 0.0, 0.0, 612.333717
IDLE, 0.0, 0.0, 0.0, 612.353244
IDLE, 0.0, 0.0, 0.0, 612.373023
IDLE, 0.0, 0.0, 0.0, 612.392955
IDLE, 0.0, 0.0, 0.0, 612.418529
IDLE, 0.0, 0.0, 0.0, 612.447357
IDLE, 0.0, 0.0, 0.0, 612.463107
IDLE, 0.0, 0.0, 0.0, 612.485608
IDLE, 0.0, 0.0, 0.0, 612.509488
IDLE, 0.0, 0.0, 0.0, 612.531067
IDLE, 0.0, 0.0, 0.0, 612.554308
IDLE, 0.0, 0.0, 0.0, 612.57571
IDLE, 0.0, 0.0, 0.0, 612.596875
IDLE, 0.0, 0.0, 0.0, 612.619377
IDLE, 0.0, 0.0, 0.0, 612.64574
IDLE, 0.0, 0.0, 0.0, 612.658549
IDLE, 0.0, 0.0, 0.0, 612.671565
IDLE, 0.0, 0.0, 0.0, 612.704428
IDLE, 0.0, 0.0, 0.0, 612.723689
IDLE, 0.0, 0.0, 0.0, 612.748505
IDLE, 0.0, 0.0, 0.0, 612.764609
IDLE, 0.0, 0.0, 0.0, 612.78471
IDLE, 0.0, 0.0, 0.0, 612.807077
IDLE, 0.0, 0.0, 0.0, 612.820451
IDLE, 0.0, 0.0, 0.0, 612.846902
IDLE, 0.0, 0.0, 0.0, 612.866679
IDLE, 0.0, 0.0, 0.0, 612.885431
IDLE, 0.0, 0.0, 0.0, 612.9101
IDLE, 0.0, 0.0, 0.0, 612.931588
IDLE, 0.0, 0.0, 0.0, 612.947459
IDLE, 0.0, 0.0, 0.0, 612.97222
IDLE, 0.0, 0.0, 0.0, 612.99233
IDLE, 0.0, 0.0, 0.0, 613.01328
IDLE, 0.0, 0.0, 0.0, 613.032134
IDLE, 0.0, 0.0, 0.0, 613.053632
IDLE, 0.0, 0.0, 0.0, 613.079538
IDLE, 0.0, 0.0, 0.0, 613.10151
IDLE, 0.0, 0.0, 0.0, 613.121957
IDLE, 0.0, 0.0, 0.0, 613.141437
IDLE, 0.0, 0.0, 0.0, 613.169269
IDLE, 0.0, 0.0, 0.0, 613.190034
IDLE, 0.0, 0.0, 0.0, 613.20831
IDLE, 0.0, 0.0, 0.0, 613.229853
IDLE, 0.0, 0.0, 0.0, 613.250995
IDLE, 0.0, 0.0, 0.0, 613.272911
IDLE, 0.0, 0.0, 0.0, 613.291729
IDLE, 0.0, 0.0, 0.0, 613.302981
IDLE, 0.0, 0.0, 0.0, 613.310407
IDLE, 0.0, 0.0, 0.0, 613.3254
IDLE, 0.0, 0.0, 0.0, 613.348094
IDLE, 0.0, 0.0, 0.0, 613.368182
IDLE, 0.0, 0.0, 0.0, 613.388838
IDLE, 0.0, 0.0, 0.0, 613.408891
IDLE, 0.0, 0.0, 0.0, 613.432212
IDLE, 0.0, 0.0, 0.0, 613.452805
IDLE, 0.0, 0.0, 0.0, 613.472068
IDLE, 0.0, 0.0, 0.0, 613.496152
IDLE, 0.0, 0.0, 0.0, 613.522785
IDLE, 0.0, 0.0, 0.0, 613.57174
IDLE, 0.0, 0.0, 0.0, 613.637359
IDLE, 0.0, 0.0, 0.0, 613.651025
IDLE, 0.0, 0.0, 0.0, 613.665746
IDLE, 0.0, 0.0, 0.0, 613.690474
IDLE, 0.0, 0.0, 0.0, 613.709717
IDLE, 0.0, 0.0, 0.0, 613.729924
IDLE, 0.0, 0.0, 0.0, 613.748358
IDLE, 0.0, 0.0, 0.0, 613.760476
IDLE, 0.0, 0.0, 0.0, 613.779245
IDLE, 0.0, 0.0, 0.0, 613.797072
IDLE, 0.0, 0.0, 0.0, 613.81454
IDLE, 0.0, 0.0, 0.0, 613.833236
IDLE, 0.0, 0.0, 0.0, 613.853249
IDLE, 0.0, 0.0, 0.0, 613.876602
IDLE, 0.0, 0.0, 0.0, 613.902809
IDLE, 0.0, 0.0, 0.0, 613.919821
IDLE, 0.0, 0.0, 0.0, 613.941548
IDLE, 0.0, 0.0, 0.0, 613.953584
IDLE, 0.0, 0.0, 0.0, 613.975139
IDLE, 0.0, 0.0, 0.0, 613.998619
IDLE, 0.0, 0.0, 0.0, 614.018266
IDLE, 0.0, 0.0, 0.0, 614.036162
IDLE, 0.0, 0.0, 0.0, 614.055065
IDLE, 0.0, 0.0, 0.0, 614.081416
IDLE, 0.0, 0.0, 0.0, 614.10308
IDLE, 0.0, 0.0, 0.0, 614.120322
IDLE, 0.0, 0.0, 0.0, 614.146688
IDLE, 0.0, 0.0, 0.0, 614.163874
IDLE, 0.0, 0.0, 0.0, 614.184091
IDLE, 0.0, 0.0, 0.0, 614.209247
IDLE, 0.0, 0.0, 0.0, 614.22728
IDLE, 0.0, 0.0, 0.0, 614.249035
IDLE, 0.0, 0.0, 0.0, 614.264443
IDLE, 0.0, 0.0, 0.0, 614.287512
IDLE, 0.0, 0.0, 0.0, 614.310016
IDLE, 0.0, 0.0, 0.0, 614.329147
IDLE, 0.0, 0.0, 0.0, 614.347984
IDLE, 0.0, 0.0, 0.0, 614.368997
IDLE, 0.0, 0.0, 0.0, 