Position,Velocity,Acceleration,Jerk,Heading,DeltaTime,X,Y
0.000, 0.001, 0.249, 49.900, 6.283, 0.005, 0.000, 10.000
0.000, 0.002, 0.249, 0.000, 6.283, 0.005, 0.000, 10.000
0.000, 0.006, 0.624, 74.850, 6.283, 0.005, 0.000, 10.000
0.000, 0.010, 0.873, 49.900, 6.283, 0.005, 0.000, 10.000
0.000, 0.016, 1.123, 49.900, 6.283, 0.005, 0.000, 10.000
0.000, 0.022, 1.372, 49.900, 6.283, 0.005, 0.000, 10.000
0.000, 0.031, 1.622, 49.901, 6.283, 0.005, 0.000, 10.000
0.001, 0.040, 1.871, 49.901, 6.283, 0.005, 0.001, 10.000
0.001, 0.051, 2.121, 49.902, 6.283, 0.005, 0.001, 10.000
0.001, 0.062, 2.370, 49.903, 6.283, 0.005, 0.001, 10.000
0.002, 0.075, 2.620, 49.904, 6.283, 0.005, 0.002, 10.000
0.002, 0.090, 2.869, 49.905, 6.283, 0.005, 0.002, 10.000
0.003, 0.105, 3.119, 49.907, 6.283, 0.005, 0.003, 10.000
0.003, 0.122, 3.368, 49.908, 6.283, 0.005, 0.003, 10.000
0.004, 0.140, 3.618, 49.911, 6.283, 0.005, 0.004, 10.000
0.005, 0.160, 3.868, 49.913, 6.283, 0.005, 0.005, 10.000
0.006, 0.180, 4.117, 49.916, 6.283, 0.005, 0.006, 10.000
0.007, 0.202, 4.367, 49.919, 6.283, 0.005, 0.007, 10.000
0.008, 0.225, 4.616, 49.923, 6.283, 0.005, 0.008, 10.000
0.009, 0.250, 4.866, 49.927, 6.283, 0.005, 0.009, 10.000
0.010, 0.275, 5.116, 49.931, 6.283, 0.005, 0.010, 10.000
0.012, 0.302, 5.365, 49.936, 6.283, 0.005, 0.012, 10.000
0.013, 0.330, 5.615, 49.941, 6.283, 0.005, 0.013, 10.000
0.015, 0.359, 5.865, 49.947, 6.283, 0.005, 0.015, 10.000
0.017, 0.390, 6.114, 49.954, 6.283, 0.005, 0.017, 10.000
0.019, 0.422, 6.364, 49.961, 6.283, 0.005, 0.019, 10.000
0.022, 0.455, 6.614, 49.968, 6.283, 0.005, 0.022, 10.000
0.024, 0.489, 6.864, 49.976, 6.283, 0.005, 0.024, 10.000
0.027, 0.525, 7.114, 49.985, 6.283, 0.005, 0.027, 10.000
0.029, 0.561, 7.364, 49.995, 6.283, 0.005, 0.029, 10.000
0.032, 0.600, 7.614, 50.005, 6.283, 0.005, 0.032, 10.000
0.036, 0.639, 7.864, 50.016, 6.283, 0.005, 0.036, 10.000
0.039, 0.679, 8.114, 50.027, 6.283, 0.005, 0.039, 10.000
0.043, 0.721, 8.364, 50.039, 6.283, 0.005, 0.043, 10.000
0.047, 0.764, 8.615, 50.053, 6.283, 0.005, 0.047, 10.000
0.051, 0.809, 8.865, 50.066, 6.283, 0.005, 0.051, 10.000
0.055, 0.854, 9.115, 50.081, 6.283, 0.005, 0.055, 10.000
0.059, 0.901, 9.366, 50.097, 6.283, 0.005, 0.059, 10.000
0.064, 0.949, 9.616, 50.113, 6.283, 0.005, 0.064, 10.000
0.069, 0.998, 9.867, 50.131, 6.283, 0.005, 0.069, 10.000
0.074, 1.049, 10.118, 50.148, 6.283, 0.005, 0.074, 10.000
0.080, 1.101, 10.369, 50.168, 6.283, 0.005, 0.080, 10.000
0.086, 1.154, 10.620, 50.187, 6.283, 0.005, 0.086, 10.000
0.092, 1.208, 10.871, 50.208, 6.283, 0.005, 0.092, 10.000
0.098, 1.264, 11.122, 50.230, 6.283, 0.005, 0.098, 10.000
0.105, 1.321, 11.373, 50.254, 6.283, 0.005, 0.105, 10.000
0.111, 1.379, 11.624, 50.277, 6.283, 0.005, 0.111, 10.000
0.119, 1.438, 11.876, 50.302, 6.283, 0.005, 0.119, 10.000
0.126, 1.499, 12.128, 50.328, 6.283, 0.005, 0.126, 10.000
0.134, 1.561, 12.379, 50.356, 6.283, 0.005, 0.134, 10.000
0.142, 1.624, 12.631, 50.383, 6.283, 0.005, 0.142, 10.000
0.151, 1.688, 12.883, 50.414, 6.283, 0.005, 0.151, 10.000
0.159, 1.754, 13.136, 50.443, 6.283, 0.005, 0.159, 10.000
0.168, 1.821, 13.388, 50.475, 6.283, 0.005, 0.168, 10.000
0.178, 1.889, 13.640, 50.509, 6.283, 0.005, 0.178, 10.000
0.188, 1.959, 13.893, 50.543, 6.283, 0.005, 0.188, 10.000
0.198, 2.029, 14.146, 50.578, 6.283, 0.005, 0.198, 10.000
0.208, 2.101, 14.399, 50.615, 6.283, 0.005, 0.208, 10.000
0.219, 2.175, 14.652, 50.654, 6.283, 0.005, 0.219, 10.000
0.230, 2.249, 14.906, 50.690, 6.283, 0.005, 0.230, 10.000
0.242, 2.325, 15.160, 50.734, 6.283, 0.005, 0.242, 10.000
0.254, 2.402, 15.413, 50.774, 6.283, 0.005, 0.254, 10.000
0.266, 2.480, 15.667, 50.818, 6.283, 0.005, 0.266, 10.000
0.279, 2.560, 15.922, 50.863, 6.283, 0.005, 0.279, 10.000
0.292, 2.641, 16.176, 50.907, 6.283, 0.005, 0.292, 10.000
0.306, 2.723, 16.431, 50.958, 6.283, 0.005, 0.306, 10.000
0.320, 2.807, 16.686, 51.004, 6.283, 0.005, 0.320, 10.000
0.335, 2.891, 16.941, 51.056, 6.283, 0.005, 0.335, 10.000
0.349, 2.977, 17.197, 51.109, 6.283, 0.005, 0.349, 10.000
0.365, 3.064, 17.453, 51.158, 6.283, 0.005, 0.365, 10.000
0.381, 3.153, 17.709, 51.217, 6.283, 0.005, 0.381, 10.000
0.397, 3.243, 17.965, 51.273, 6.283, 0.005, 0.397, 10.000
0.413, 3.334, 18.222, 51.330, 6.283, 0.005, 0.413, 10.000
0.431, 3.426, 18.479, 51.387, 6.283, 0.005, 0.431, 10.000
0.448, 3.520, 18.736, 51.454, 6.283, 0.005, 0.448, 10.000
0.466, 3.615, 18.994, 51.511, 6.283, 0.005, 0.466, 10.000
0.485, 3.711, 19.252, 51.578, 6.283, 0.005, 0.485, 10.000
0.504, 3.809, 19.510, 51.647, 6.283, 0.005, 0.504, 10.000
0.523, 3.908, 19.768, 51.707, 6.283, 0.005, 0.523, 10.000
0.543, 4.008, 20.027, 51.783, 6.283, 0.005, 0.543, 10.000
0.564, 4.109, 20.286, 51.852, 6.283, 0.005, 0.564, 10.000
0.585, 4.212, 20.546, 51.922, 6.283, 0.005, 0.585, 10.000
0.607, 4.316, 20.806, 52.002, 6.283, 0.005, 0.607, 10.000
0.629, 4.421, 21.066, 52.072, 6.283, 0.005, 0.629, 10.000
0.651, 4.528, 21.327, 52.152, 6.283, 0.005, 0.651, 10.000
0.674, 4.636, 21.588, 52.235, 6.283, 0.005, 0.674, 10.000
0.698, 4.745, 21.850, 52.310, 6.283, 0.005, 0.698, 10.000
0.723, 4.856, 22.112, 52.399, 6.283, 0.005, 0.723, 10.000
0.747, 4.968, 22.374, 52.481, 6.283, 0.005, 0.747, 10.000
0.773, 5.081, 22.637, 52.569, 6.283, 0.005, 0.773, 10.000
0.799, 5.195, 22.900, 52.657, 6.283, 0.005, 0.799, 10.000
0.825, 5.311, 23.164, 52.749, 6.283, 0.005, 0.825, 10.000
0.852, 5.428, 23.428, 52.837, 6.283, 0.005, 0.852, 10.000
0.880, 5.547, 23.693, 52.940, 6.283, 0.005, 0.880, 10.000
0.908, 5.666, 23.958, 53.026, 6.283, 0.005, 0.908, 10.000
0.937, 5.788, 24.224, 53.131, 6.283, 0.005, 0.937, 10.000
0.967, 5.910, 24.490, 53.231, 6.283, 0.005, 0.967, 10.000
0.997, 6.034, 24.757, 53.330, 6.283, 0.005, 0.997, 10.000
1.028, 6.159, 25.024, 53.435, 6.283, 0.005, 1.028, 10.000
1.059, 6.285, 25.292, 53.545, 6.283, 0.005, 1.059, 10.000
1.091, 6.413, 25.560, 53.646, 6.283, 0.005, 1.091, 10.000
1.124, 6.542, 25.829, 53.759, 6.283, 0.005, 1.124, 10.000
1.158, 6.673, 26.098, 53.876, 6.283, 0.005, 1.158, 10.000
1.192, 6.805, 26.368, 53.982, 6.283, 0.005, 1.192, 10.000
1.226, 6.938, 26.638, 54.106, 6.283, 0.005, 1.226, 10.000
1.262, 7.072, 26.909, 54.215, 6.283, 0.005, 1.262, 10.000
1.298, 7.208, 27.181, 54.351, 6.283, 0.005, 1.298, 10.000
1.334, 7.346, 27.454, 54.456, 6.283, 0.005, 1.334, 10.000
1.372, 7.484, 27.727, 54.596, 6.282, 0.005, 1.372, 10.000
1.410, 7.624, 28.000, 54.708, 6.282, 0.005, 1.410, 10.000
1.449, 7.766, 28.274, 54.847, 6.282, 0.005, 1.449, 10.000
1.488, 7.908, 28.549, 54.977, 6.282, 0.005, 1.488, 10.000
1.529, 8.052, 28.825, 55.109, 6.282, 0.005, 1.529, 10.000
1.570, 8.198, 29.101, 55.248, 6.282, 0.005, 1.570, 10.000
1.611, 8.345, 29.378, 55.377, 6.282, 0.005, 1.611, 9.999
1.654, 8.493, 29.655, 55.530, 6.282, 0.005, 1.654, 9.999
1.697, 8.643, 29.934, 55.666, 6.282, 0.005, 1.697, 9.999
1.741, 8.794, 30.213, 55.805, 6.282, 0.005, 1.741, 9.999
1.786, 8.946, 30.493, 55.965, 6.282, 0.005, 1.786, 9.999
1.831, 9.100, 30.773, 56.103, 6.282, 0.005, 1.831, 9.999
1.877, 9.255, 31.055, 56.267, 6.282, 0.005, 1.877, 9.999
1.924, 9.412, 31.337, 56.407, 6.282, 0.005, 1.924, 9.999
1.972, 9.570, 31.619, 56.584, 6.282, 0.005, 1.972, 9.999
2.021, 9.730, 31.903, 56.720, 6.282, 0.005, 2.021, 9.999
2.070, 9.891, 32.188, 56.893, 6.282, 0.005, 2.070, 9.999
2.121, 10.053, 32.473, 57.072, 6.282, 0.005, 2.121, 9.999
2.172, 10.217, 32.759, 57.210, 6.281, 0.005, 2.172, 9.999
2.224, 10.382, 33.046, 57.411, 6.281, 0.005, 2.224, 9.999
2.276, 10.549, 33.334, 57.554, 6.281, 0.005, 2.276, 9.999
2.330, 10.717, 33.622, 57.742, 6.281, 0.005, 2.330, 9.998
2.384, 10.886, 33.912, 57.935, 6.281, 0.005, 2.384, 9.998
2.440, 11.057, 34.203, 58.083, 6.281, 0.005, 2.440, 9.998
2.496, 11.230, 34.494, 58.304, 6.281, 0.005, 2.496, 9.998
2.553, 11.404, 34.786, 58.452, 6.281, 0.005, 2.553, 9.998
2.611, 11.579, 35.080, 58.665, 6.281, 0.005, 2.611, 9.998
2.670, 11.756, 35.374, 58.852, 6.281, 0.005, 2.670, 9.998
2.729, 11.934, 35.669, 59.053, 6.281, 0.005, 2.729, 9.998
2.790, 12.114, 35.965, 59.230, 6.280, 0.005, 2.790, 9.997
2.851, 12.296, 36.263, 59.457, 6.280, 0.005, 2.851, 9.997
2.914, 12.478, 36.561, 59.636, 6.280, 0.005, 2.914, 9.997
2.977, 12.663, 36.860, 59.872, 6.280, 0.005, 2.977, 9.997
3.041, 12.849, 37.160, 60.058, 6.280, 0.005, 3.041, 9.997
3.106, 13.036, 37.462, 60.280, 6.280, 0.005, 3.106, 9.996
3.173, 13.225, 37.764, 60.497, 6.280, 0.005, 3.173, 9.996
3.240, 13.415, 38.068, 60.719, 6.279, 0.005, 3.240, 9.996
3.308, 13.607, 38.373, 60.951, 6.279, 0.005, 3.308, 9.996
3.377, 13.800, 38.678, 61.152, 6.279, 0.005, 3.377, 9.995
3.447, 13.995, 38.986, 61.411, 6.279, 0.005, 3.447, 9.995
3.518, 14.192, 39.294, 61.629, 6.279, 0.005, 3.518, 9.995
3.590, 14.390, 39.603, 61.877, 6.279, 0.005, 3.590, 9.994
3.662, 14.589, 39.914, 62.112, 6.278, 0.005, 3.662, 9.994
3.736, 14.790, 40.225, 62.366, 6.278, 0.005, 3.736, 9.994
3.811, 14.993, 40.538, 62.604, 6.278, 0.005, 3.811, 9.993
3.887, 15.197, 40.853, 62.878, 6.278, 0.005, 3.887, 9.993
3.964, 15.403, 41.168, 63.105, 6.278, 0.005, 3.964, 9.993
4.042, 15.611, 41.485, 63.413, 6.277, 0.005, 4.042, 9.992
4.122, 15.820, 41.804, 63.632, 6.277, 0.005, 4.122, 9.992
4.202, 16.030, 42.123, 63.932, 6.277, 0.005, 4.202, 9.991
4.283, 16.242, 42.444, 64.216, 6.277, 0.005, 4.283, 9.991
4.365, 16.456, 42.767, 64.457, 6.276, 0.005, 4.365, 9.990
4.449, 16.672, 43.091, 64.795, 6.276, 0.005, 4.449, 9.990
4.533, 16.889, 43.416, 65.036, 6.276, 0.005, 4.533, 9.989
4.619, 17.108, 43.743, 65.375, 6.276, 0.005, 4.619, 9.988
4.705, 17.328, 44.071, 65.639, 6.275, 0.005, 4.705, 9.988
4.793, 17.550, 44.401, 65.980, 6.275, 0.005, 4.793, 9.987
4.882, 17.774, 44.732, 66.253, 6.275, 0.005, 4.882, 9.986
4.972, 17.999, 45.065, 66.618, 6.275, 0.005, 4.972, 9.985
5.063, 18.226, 45.400, 66.893, 6.274, 0.005, 5.063, 9.985
5.155, 18.455, 45.736, 67.253, 6.274, 0.005, 5.155, 9.984
5.249, 18.685, 46.074, 67.591, 6.274, 0.005, 5.249, 9.983
5.343, 18.917, 46.413, 67.900, 6.273, 0.005, 5.343, 9.982
5.439, 19.151, 46.755, 68.276, 6.273, 0.005, 5.439, 9.981
5.536, 19.386, 47.098, 68.635, 6.273, 0.005, 5.536, 9.980
5.634, 19.623, 47.443, 68.965, 6.272, 0.005, 5.634, 9.979
5.733, 19.862, 47.790, 69.386, 6.272, 0.005, 5.733, 9.978
5.834, 20.103, 48.138, 69.699, 6.271, 0.005, 5.834, 9.977
5.936, 20.346, 48.489, 70.132, 6.271, 0.005, 5.935, 9.975
6.039, 20.590, 48.841, 70.497, 6.271, 0.005, 6.038, 9.974
6.143, 20.836, 49.196, 70.906, 6.270, 0.005, 6.143, 9.973
6.248, 21.083, 49.552, 71.314, 6.270, 0.005, 6.248, 9.971
6.355, 21.333, 49.911, 71.717, 6.269, 0.005, 6.355, 9.970
6.463, 21.584, 50.272, 72.163, 6.269, 0.005, 6.463, 9.968
6.572, 21.838, 50.635, 72.576, 6.268, 0.005, 6.572, 9.967
6.682, 22.093, 51.000, 73.023, 6.268, 0.005, 6.682, 9.965
6.794, 22.349, 51.367, 73.494, 6.267, 0.005, 6.794, 9.963
6.907, 22.608, 51.737, 73.918, 6.267, 0.005, 6.907, 9.962
7.021, 22.869, 52.109, 74.433, 6.266, 0.005, 7.021, 9.960
7.137, 23.131, 52.483, 74.877, 6.266, 0.005, 7.137, 9.958
7.254, 23.395, 52.860, 75.395, 6.265, 0.005, 7.254, 9.956
7.372, 23.662, 53.240, 75.884, 6.265, 0.005, 7.372, 9.954
7.492, 23.930, 53.622, 76.411, 6.264, 0.005, 7.492, 9.951
7.613, 24.200, 54.006, 76.924, 6.263, 0.005, 7.613, 9.949
7.735, 24.472, 54.394, 77.489, 6.263, 0.005, 7.735, 9.946
7.859, 24.746, 54.784, 78.005, 6.262, 0.005, 7.859, 9.944
7.984, 25.021, 55.177, 78.586, 6.262, 0.005, 7.984, 9.941
8.111, 25.299, 55.573, 79.188, 6.261, 0.005, 8.110, 9.938
8.239, 25.579, 55.971, 79.740, 6.260, 0.005, 8.238, 9.936
8.368, 25.861, 56.373, 80.397, 6.259, 0.005, 8.367, 9.933
8.499, 26.145, 56.778, 80.933, 6.259, 0.005, 8.498, 9.929
8.631, 26.431, 57.186, 81.655, 6.258, 0.005, 8.630, 9.926
8.764, 26.719, 57.598, 82.256, 6.257, 0.005, 8.764, 9.923
8.899, 27.009, 58.012, 82.960, 6.256, 0.005, 8.899, 9.919
9.036, 27.301, 58.430, 83.608, 6.256, 0.005, 9.035, 9.915
9.174, 27.595, 58.852, 84.324, 6.255, 0.005, 9.173, 9.912
9.313, 27.892, 59.277, 85.078, 6.254, 0.005, 9.313, 9.908
9.454, 28.190, 59.706, 85.753, 6.253, 0.005, 9.453, 9.903
9.597, 28.491, 60.139, 86.559, 6.252, 0.005, 9.596, 9.899
9.741, 28.794, 60.576, 87.289, 6.251, 0.005, 9.740, 9.895
9.886, 29.099, 61.016, 88.181, 6.250, 0.005, 9.885, 9.890
10.033, 29.406, 61.461, 88.875, 6.249, 0.005, 10.032, 9.885
10.182, 29.716, 61.910, 89.775, 6.249, 0.005, 10.181, 9.880
10.332, 30.028, 62.363, 90.684, 6.248, 0.005, 10.331, 9.875
10.484, 30.342, 62.820, 91.457, 6.247, 0.005, 10.482, 9.869
10.637, 30.658, 63.283, 92.468, 6.245, 0.005, 10.635, 9.863
10.792, 30.977, 63.750, 93.364, 6.244, 0.005, 10.790, 9.858
10.948, 31.298, 64.221, 94.287, 6.243, 0.005, 10.947, 9.851
11.107, 31.621, 64.698, 95.339, 6.242, 0.005, 11.105, 9.845
11.266, 31.947, 65.179, 96.288, 6.241, 0.005, 11.264, 9.838
11.428, 32.276, 65.666, 97.374, 6.240, 0.005, 11.425, 9.831
11.591, 32.606, 66.158, 98.413, 6.239, 0.005, 11.588, 9.824
11.755, 32.940, 66.656, 99.523, 6.237, 0.005, 11.753, 9.817
11.922, 33.276, 67.159, 100.665, 6.236, 0.005, 11.919, 9.809
12.090, 33.614, 67.668, 101.813, 6.235, 0.005, 12.087, 9.801
12.260, 33.955, 68.183, 102.985, 6.233, 0.005, 12.256, 9.793
12.431, 34.298, 68.704, 104.230, 6.232, 0.005, 12.428, 9.784
12.604, 34.644, 69.232, 105.526, 6.231, 0.005, 12.601, 9.775
12.779, 34.993, 69.766, 106.769, 6.229, 0.005, 12.775, 9.766
12.956, 35.345, 70.306, 108.126, 6.228, 0.005, 12.952, 9.756
13.134, 35.699, 70.854, 109.483, 6.226, 0.005, 13.130, 9.746
13.315, 36.056, 71.408, 110.935, 6.225, 0.005, 13.310, 9.736
13.497, 36.416, 71.970, 112.374, 6.223, 0.005, 13.492, 9.725
13.681, 36.779, 72.539, 113.858, 6.222, 0.005, 13.675, 9.714
13.866, 37.144, 73.116, 115.386, 6.220, 0.005, 13.861, 9.702
14.054, 37.513, 73.701, 116.961, 6.218, 0.005, 14.048, 9.690
14.243, 37.884, 74.294, 118.621, 6.217, 0.005, 14.237, 9.678
14.435, 38.259, 74.896, 120.318, 6.215, 0.005, 14.428, 9.665
14.628, 38.636, 75.368, 94.421, 6.213, 0.005, 14.621, 9.652
14.823, 39.014, 75.711, 68.559, 6.211, 0.005, 14.815, 9.638
15.020, 39.394, 76.061, 70.042, 6.209, 0.005, 15.012, 9.623
15.219, 39.777, 76.419, 71.545, 6.207, 0.005, 15.210, 9.609
15.420, 40.160, 76.646, 45.496, 6.205, 0.005, 15.410, 9.593
15.622, 40.543, 76.743, 19.263, 6.203, 0.005, 15.612, 9.577
15.827, 40.928, 76.845, 20.545, 6.201, 0.005, 15.816, 9.561
16.034, 41.312, 76.955, 21.926, 6.199, 0.005, 16.022, 9.544
16.242, 41.698, 77.072, 23.343, 6.197, 0.005, 16.230, 9.526
16.452, 42.084, 77.195, 24.775, 6.195, 0.005, 16.439, 9.508
16.665, 42.470, 77.327, 26.239, 6.193, 0.005, 16.651, 9.489
16.879, 42.858, 77.465, 27.735, 6.190, 0.005, 16.864, 9.469
17.095, 43.246, 77.612, 29.263, 6.188, 0.005, 17.080, 9.449
17.313, 43.635, 77.766, 30.823, 6.186, 0.005, 17.297, 9.428
17.534, 44.024, 77.928, 32.445, 6.183, 0.005, 17.516, 9.406
17.756, 44.415, 78.098, 34.022, 6.181, 0.005, 17.737, 9.383
17.980, 44.806, 78.277, 35.684, 6.178, 0.005, 17.959, 9.360
18.206, 45.198, 78.463, 37.380, 6.175, 0.005, 18.184, 9.336
18.434, 45.592, 78.659, 39.097, 6.173, 0.005, 18.411, 9.311
18.664, 45.986, 78.863, 40.845, 6.170, 0.005, 18.639, 9.286
18.896, 46.381, 79.076, 42.626, 6.167, 0.005, 18.870, 9.259
19.129, 46.778, 79.299, 44.468, 6.164, 0.005, 19.102, 9.232
19.365, 47.176, 79.530, 46.216, 6.161, 0.005, 19.336, 9.203
19.603, 47.574, 79.770, 48.121, 6.158, 0.005, 19.572, 9.174
19.843, 47.975, 80.020, 50.006, 6.155, 0.005, 19.810, 9.144
20.085, 48.376, 80.280, 51.915, 6.152, 0.005, 20.050, 9.112
20.329, 48.779, 80.549, 53.844, 6.149, 0.005, 20.292, 9.080
20.575, 49.183, 80.828, 55.793, 6.145, 0.005, 20.535, 9.047
20.823, 49.588, 81.117, 57.759, 6.142, 0.005, 20.781, 9.012
21.073, 49.995, 81.416, 59.738, 6.139, 0.005, 21.028, 8.977
21.325, 50.404, 81.724, 61.729, 6.135, 0.005, 21.278, 8.940
21.579, 50.814, 82.043, 63.788, 6.132, 0.005, 21.529, 8.902
21.835, 51.226, 82.372, 65.717, 6.128, 0.005, 21.782, 8.863
22.093, 51.640, 82.710, 67.707, 6.124, 0.005, 22.037, 8.823
22.353, 52.055, 83.060, 69.856, 6.120, 0.005, 22.294, 8.781
22.616, 52.472, 83.418, 71.661, 6.117, 0.005, 22.553, 8.738
22.880, 52.891, 83.787, 73.853, 6.113, 0.005, 22.813, 8.694
23.147, 53.312, 84.165, 75.617, 6.109, 0.005, 23.076, 8.648
23.415, 53.735, 84.554, 77.676, 6.104, 0.005, 23.341, 8.600
23.686, 54.159, 84.951, 79.573, 6.100, 0.005, 23.607, 8.552
23.959, 54.586, 85.359, 81.428, 6.096, 0.005, 23.875, 8.502
24.234, 55.015, 85.775, 83.231, 6.091, 0.005, 24.145, 8.450
24.511, 55.446, 86.200, 84.973, 6.087, 0.005, 24.417, 8.396
24.791, 55.879, 86.633, 86.727, 6.082, 0.005, 24.691, 8.341
25.072, 56.315, 87.075, 88.295, 6.078, 0.005, 24.967, 8.284
25.356, 56.752, 87.524, 89.869, 6.073, 0.005, 25.245, 8.226
25.642, 57.192, 87.980, 91.218, 6.068, 0.005, 25.524, 8.165
25.930, 57.634, 88.443, 92.586, 6.063, 0.005, 25.806, 8.103
26.221, 58.079, 88.912, 93.739, 6.058, 0.005, 26.089, 8.039
26.513, 58.526, 89.386, 94.847, 6.053, 0.005, 26.374, 7.973
26.808, 58.975, 89.864, 95.605, 6.047, 0.005, 26.661, 7.905
27.105, 59.427, 90.346, 96.446, 6.042, 0.005, 26.950, 7.835
27.405, 59.881, 90.830, 96.820, 6.037, 0.005, 27.240, 7.762
27.706, 60.338, 91.316, 97.174, 6.031, 0.005, 27.532, 7.688
28.010, 60.797, 91.803, 97.282, 6.025, 0.005, 27.827, 7.611
28.317, 61.258, 92.287, 96.965, 6.019, 0.005, 28.122, 7.532
28.625, 61.722, 92.771, 96.613, 6.013, 0.005, 28.420, 7.451
28.936, 62.188, 93.249, 95.708, 6.007, 0.005, 28.720, 7.367
29.250, 62.657, 93.722, 94.655, 6.001, 0.005, 29.021, 7.281
29.565, 63.128, 94.189, 93.255, 5.995, 0.005, 29.324, 7.192
29.883, 63.601, 94.645, 91.231, 5.988, 0.005, 29.628, 7.100
30.204, 64.076, 95.090, 89.101, 5.982, 0.005, 29.934, 7.006
30.526, 64.554, 95.522, 86.348, 5.975, 0.005, 30.242, 6.909
30.851, 65.034, 95.938, 83.147, 5.968, 0.005, 30.552, 6.810
31.179, 65.515, 96.335, 79.521, 5.961, 0.005, 30.863, 6.707
31.509, 65.999, 96.712, 75.250, 5.954, 0.005, 31.176, 6.601
31.841, 66.484, 97.064, 70.505, 5.947, 0.005, 31.490, 6.493
32.176, 66.971, 97.389, 65.012, 5.939, 0.005, 31.805, 6.381
32.514, 67.460, 97.685, 59.117, 5.932, 0.005, 32.123, 6.266
32.853, 67.949, 97.946, 52.314, 5.924, 0.005, 32.441, 6.148
33.196, 68.440, 98.171, 45.010, 5.916, 0.005, 32.761, 6.026
33.540, 68.932, 98.355, 36.811, 5.908, 0.005, 33.082, 5.902
33.887, 69.424, 98.495, 28.002, 5.900, 0.005, 33.405, 5.773
34.237, 69.917, 98.587, 18.260, 5.892, 0.005, 33.728, 5.641
34.589, 70.411, 98.626, 7.833, 5.884, 0.005, 34.053, 5.506
34.944, 70.904, 98.608, -3.579, 5.875, 0.005, 34.379, 5.366
35.300, 71.396, 98.530, -15.702, 5.867, 0.005, 34.706, 5.223
35.660, 71.888, 98.385, -28.810, 5.858, 0.005, 35.035, 5.076
36.022, 72.379, 98.172, -42.713, 5.849, 0.005, 35.363, 4.926
36.386, 72.868, 97.884, -57.665, 5.840, 0.005, 35.693, 4.771
36.753, 73.356, 97.517, -73.354, 5.830, 0.005, 36.024, 4.612
37.122, 73.841, 97.066, -90.077, 5.821, 0.005, 36.355, 4.449
37.494, 74.324, 96.529, -107.571, 5.812, 0.005, 36.687, 4.282
37.868, 74.803, 95.898, -126.071, 5.802, 0.005, 37.019, 4.110
38.244, 75.279, 95.172, -145.287, 5.792, 0.005, 37.352, 3.934
38.623, 75.751, 94.345, -165.421, 5.782, 0.005, 37.685, 3.754
39.004, 76.218, 93.413, -186.279, 5.772, 0.005, 38.019, 3.569
39.387, 76.680, 92.374, -207.831, 5.762, 0.005, 38.352, 3.380
39.773, 77.136, 91.224, -230.103, 5.752, 0.005, 38.685, 3.186
40.161, 77.586, 89.959, -252.948, 5.741, 0.005, 39.019, 2.988
40.551, 78.029, 88.578, -276.266, 5.730, 0.005, 39.352, 2.785
40.944, 78.464, 87.078, -299.966, 5.720, 0.005, 39.685, 2.577
41.338, 78.891, 85.457, -324.121, 5.709, 0.005, 40.017, 2.365
41.735, 79.310, 83.716, -348.304, 5.698, 0.005, 40.349, 2.147
42.133, 79.719, 81.852, -372.665, 5.687, 0.005, 40.680, 1.925
42.534, 80.119, 79.868, -396.910, 5.676, 0.005, 41.010, 1.698
42.936, 80.507, 77.762, -421.062, 5.664, 0.005, 41.339, 1.467
43.341, 80.885, 75.539, -444.766, 5.653, 0.005, 41.667, 1.230
43.747, 81.251, 73.198, -468.034, 5.641, 0.005, 41.994, 0.989
44.155, 81.605, 70.745, -490.727, 5.630, 0.005, 42.320, 0.743
44.565, 81.946, 68.182, -512.520, 5.618, 0.005, 42.643, 0.492
44.976, 82.273, 65.515, -533.442, 5.606, 0.005, 42.966, 0.236
45.389, 82.587, 62.749, -553.242, 5.595, 0.005, 43.286, -0.024
45.803, 82.887, 59.890, -571.800, 5.583, 0.005, 43.604, -0.290
46.219, 83.171, 56.945, -588.942, 5.571, 0.005, 43.921, -0.560
46.636, 83.441, 53.922, -604.576, 5.559, 0.005, 44.235, -0.834
47.055, 83.695, 50.829, -618.544, 5.547, 0.005, 44.547, -1.113
47.475, 83.933, 47.676, -630.715, 5.535, 0.005, 44.856, -1.397
47.895, 84.156, 44.471, -641.042, 5.523, 0.005, 45.162, -1.685
48.317, 84.362, 41.224, -649.370, 5.510, 0.005, 45.466, -1.978
48.740, 84.552, 37.945, -655.682, 5.498, 0.005, 45.767, -2.275
49.164, 84.725, 34.646, -659.880, 5.486, 0.005, 46.065, -2.576
49.588, 84.882, 31.336, -661.960, 5.474, 0.005, 46.360, -2.882
50.013, 85.022, 28.027, -661.885, 5.462, 0.005, 46.651, -3.191
50.439, 85.145, 24.728, -659.674, 5.450, 0.005, 46.939, -3.504
50.865, 85.253, 21.452, -655.320, 5.438, 0.005, 47.224, -3.822
51.292, 85.344, 18.207, -648.913, 5.426, 0.005, 47.505, -4.143
51.719, 85.419, 15.005, -640.449, 5.414, 0.005, 47.783, -4.467
52.146, 85.478, 11.855, -630.032, 5.402, 0.005, 48.056, -4.796
52.574, 85.522, 8.766, -617.797, 5.390, 0.005, 48.326, -5.127
53.002, 85.550, 5.747, -603.749, 5.378, 0.005, 48.592, -5.462
53.429, 85.564, 2.806, -588.140, 5.366, 0.005, 48.854, -5.800
53.857, 85.564, -0.048, -570.915, 5.354, 0.005, 49.113, -6.141
54.285, 85.550, -2.811, -552.469, 5.343, 0.005, 49.367, -6.486
54.713, 85.523, -5.474, -532.656, 5.331, 0.005, 49.617, -6.832
55.140, 85.483, -8.033, -511.877, 5.320, 0.005, 49.863, -7.182
55.567, 85.430, -10.484, -490.142, 5.308, 0.005, 50.104, -7.534
55.994, 85.366, -12.822, -467.648, 5.297, 0.005, 50.342, -7.889
56.421, 85.291, -15.045, -444.549, 5.286, 0.005, 50.575, -8.246
56.847, 85.205, -17.150, -421.010, 5.275, 0.005, 50.804, -8.605
57.272, 85.109, -19.136, -397.138, 5.264, 0.005, 51.029, -8.966
57.697, 85.004, -21.001, -373.100, 5.253, 0.005, 51.250, -9.329
58.122, 84.891, -22.746, -349.042, 5.242, 0.005, 51.467, -9.694
58.545, 84.769, -24.372, -325.184, 5.232, 0.005, 51.679, -10.061
58.969, 84.639, -25.879, -301.296, 5.221, 0.005, 51.887, -10.430
59.391, 84.503, -27.269, -277.988, 5.211, 0.005, 52.091, -10.800
59.813, 84.360, -28.544, -254.988, 5.201, 0.005, 52.291, -11.171
60.234, 84.212, -29.706, -232.491, 5.191, 0.005, 52.487, -11.544
60.654, 84.058, -30.759, -210.679, 5.181, 0.005, 52.678, -11.918
61.074, 83.900, -31.707, -189.415, 5.171, 0.005, 52.866, -12.293
61.492, 83.737, -32.551, -168.985, 5.162, 0.005, 53.050, -12.669
61.910, 83.570, -33.298, -149.247, 5.152, 0.005, 53.229, -13.047
62.327, 83.401, -33.950, -130.428, 5.143, 0.005, 53.405, -13.425
62.743, 83.228, -34.512, -112.349, 5.134, 0.005, 53.577, -13.804
63.159, 83.053, -34.988, -95.203, 5.125, 0.005, 53.745, -14.184
63.573, 82.876, -35.382, -78.901, 5.116, 0.005, 53.910, -14.564
63.987, 82.698, -35.700, -63.553, 5.107, 0.005, 54.070, -14.945
64.399, 82.518, -35.945, -49.109, 5.099, 0.005, 54.227, -15.326
64.811, 82.337, -36.123, -35.464, 5.090, 0.005, 54.381, -15.708
65.222, 82.156, -36.237, -22.787, 5.082, 0.005, 54.531, -16.091
65.632, 81.975, -36.292, -11.031, 5.074, 0.005, 54.677, -16.474
66.040, 81.793, -36.291, 0.067, 5.066, 0.005, 54.820, -16.857
66.449, 81.612, -36.241, 10.040, 5.058, 0.005, 54.960, -17.240
66.856, 81.431, -36.144, 19.546, 5.050, 0.005, 55.096, -17.624
67.262, 81.251, -36.004, 27.956, 5.043, 0.005, 55.230, -18.008
67.667, 81.072, -35.825, 35.821, 5.035, 0.005, 55.360, -18.392
68.072, 80.894, -35.610, 42.858, 5.028, 0.005, 55.487, -18.776
68.475, 80.717, -35.364, 49.240, 5.021, 0.005, 55.611, -19.160
68.878, 80.542, -35.089, 54.990, 5.014, 0.005, 55.732, -19.544
69.280, 80.368, -34.789, 60.000, 5.007, 0.005, 55.850, -19.928
69.681, 80.196, -34.466, 64.603, 5.000, 0.005, 55.965, -20.312
70.081, 80.025, -34.124, 68.439, 4.994, 0.005, 56.077, -20.696
70.480, 79.856, -33.764, 71.903, 4.987, 0.005, 56.187, -21.080
70.879, 79.689, -33.390, 74.808, 4.981, 0.005, 56.294, -21.464
71.276, 79.524, -33.005, 77.151, 4.975, 0.005, 56.398, -21.847
71.673, 79.361, -32.609, 79.232, 4.969, 0.005, 56.500, -22.231
72.069, 79.200, -32.204, 80.847, 4.963, 0.005, 56.599, -22.614
72.464, 79.041, -31.795, 81.950, 4.957, 0.005, 56.696, -22.997
72.859, 78.884, -31.380, 82.911, 4.951, 0.005, 56.790, -23.380
73.252, 78.729, -30.963, 83.330, 4.946, 0.005, 56.882, -23.763
73.645, 78.577, -30.545, 83.653, 4.940, 0.005, 56.972, -24.146
74.037, 78.426, -30.128, 83.509, 4.935, 0.005, 57.060, -24.528
74.429, 78.277, -29.711, 83.233, 4.930, 0.005, 57.145, -24.910
74.820, 78.131, -29.298, 82.721, 4.925, 0.005, 57.229, -25.291
75.209, 77.987, -28.888, 81.868, 4.920, 0.005, 57.310, -25.673
75.599, 77.844, -28.483, 81.018, 4.915, 0.005, 57.389, -26.054
75.987, 77.704, -28.085, 79.750, 4.910, 0.005, 57.466, -26.435
76.375, 77.565, -27.692, 78.535, 4.905, 0.005, 57.541, -26.815
76.762, 77.429, -27.306, 77.089, 4.901, 0.005, 57.615, -27.195
77.149, 77.294, -26.929, 75.478, 4.896, 0.005, 57.686, -27.575
77.534, 77.161, -26.560, 73.775, 4.892, 0.005, 57.756, -27.955
77.920, 77.030, -26.200, 71.998, 4.888, 0.005, 57.824, -28.334
78.304, 76.901, -25.850, 70.096, 4.884, 0.005, 57.891, -28.712
78.688, 76.773, -25.509, 68.095, 4.880, 0.005, 57.955, -29.091
79.071, 76.648, -25.179, 66.088, 4.876, 0.005, 58.018, -29.469
79.454, 76.523, -24.859, 63.956, 4.872, 0.005, 58.080, -29.846
79.836, 76.401, -24.550, 61.765, 4.868, 0.005, 58.140, -30.224
80.217, 76.279, -24.252, 59.578, 4.865, 0.005, 58.198, -30.601
80.598, 76.159, -23.966, 57.322, 4.861, 0.005, 58.255, -30.977
80.978, 76.041, -23.690, 55.067, 4.857, 0.005, 58.311, -31.353
81.358, 75.924, -23.427, 52.723, 4.854, 0.005, 58.365, -31.729
81.737, 75.808, -23.175, 50.417, 4.851, 0.005, 58.418, -32.104
82.115, 75.693, -22.934, 48.035, 4.848, 0.005, 58.470, -32.479
82.493, 75.580, -22.706, 45.733, 4.844, 0.005, 58.520, -32.854
82.871, 75.467, -22.489, 43.310, 4.841, 0.005, 58.569, -33.228
83.247, 75.356, -22.284, 41.053, 4.838, 0.005, 58.617, -33.601
83.624, 75.245, -22.091, 38.575, 4.836, 0.005, 58.664, -33.975
83.999, 75.136, -21.910, 36.264, 4.833, 0.005, 58.710, -34.348
84.374, 75.027, -21.740, 33.952, 4.830, 0.005, 58.754, -34.720
84.749, 74.919, -21.582, 31.532, 4.828, 0.005, 58.798, -35.092
85.123, 74.812, -21.436, 29.268, 4.825, 0.005, 58.840, -35.464
85.497, 74.706, -21.301, 26.921, 4.822, 0.005, 58.882, -35.835
85.870, 74.600, -21.179, 24.576, 4.820, 0.005, 58.922, -36.206
86.242, 74.494, -21.067, 22.373, 4.818, 0.005, 58.962, -36.576
86.614, 74.390, -20.967, 20.038, 4.816, 0.005, 59.000, -36.946
86.985, 74.285, -20.878, 17.804, 4.813, 0.005, 59.038, -37.316
87.356, 74.181, -20.800, 15.566, 4.811, 0.005, 59.075, -37.685
87.727, 74.078, -20.733, 13.342, 4.809, 0.005, 59.111, -38.053
88.097, 73.974, -20.677, 11.153, 4.807, 0.005, 59.147, -38.422
88.466, 73.871, -20.632, 8.989, 4.805, 0.005, 59.182, -38.789
88.835, 73.768, -20.598, 6.809, 4.804, 0.005, 59.215, -39.157
89.203, 73.665, -20.575, 4.682, 4.802, 0.005, 59.249, -39.523
89.571, 73.562, -20.562, 2.585, 4.800, 0.005, 59.281, -39.890
89.938, 73.459, -20.560, 0.470, 4.799, 0.005, 59.313, -40.256
90.305, 73.357, -20.568, -1.609, 4.797, 0.005, 59.344, -40.621
90.671, 73.254, -20.586, -3.654, 4.795, 0.005, 59.375, -40.986
91.037, 73.151, -20.614, -5.683, 4.794, 0.005, 59.405, -41.351
91.402, 73.047, -20.653, -7.696, 4.793, 0.005, 59.435, -41.715
91.767, 72.944, -20.701, -9.738, 4.791, 0.005, 59.464, -42.078
92.131, 72.840, -20.760, -11.654, 4.790, 0.005, 59.492, -42.441
92.495, 72.736, -20.828, -13.655, 4.789, 0.005, 59.520, -42.804
92.858, 72.631, -20.906, -15.596, 4.788, 0.005, 59.548, -43.166
93.221, 72.526, -20.994, -17.521, 4.787, 0.005, 59.575, -43.528
93.583, 72.421, -21.091, -19.432, 4.786, 0.005, 59.602, -43.889
93.944, 72.315, -21.197, -21.329, 4.785, 0.005, 59.628, -44.249
94.305, 72.208, -21.313, -23.220, 4.784, 0.005, 59.654, -44.609
94.666, 72.101, -21.439, -25.097, 4.783, 0.005, 59.680, -44.969
95.026, 71.993, -21.574, -26.934, 4.783, 0.005, 59.706, -45.328
95.385, 71.885, -21.718, -28.807, 4.782, 0.005, 59.731, -45.687
95.744, 71.775, -21.871, -30.627, 4.782, 0.005, 59.756, -46.045
96.102, 71.665, -22.033, -32.456, 4.781, 0.005, 59.780, -46.402
96.460, 71.554, -22.204, -34.279, 4.781, 0.005, 59.805, -46.759
96.817, 71.442, -22.385, -36.091, 4.780, 0.005, 59.829, -47.115
97.174, 71.329, -22.574, -37.883, 4.780, 0.005, 59.853, -47.471
97.530, 71.216, -22.773, -39.685, 4.780, 0.005, 59.877, -47.826
97.886, 71.101, -22.980, -41.475, 4.779, 0.005, 59.901, -48.181
98.241, 70.985, -23.196, -43.261, 4.779, 0.005, 59.925, -48.535
98.595, 70.868, -23.422, -45.044, 4.779, 0.005, 59.948, -48.889
98.949, 70.749, -23.656, -46.824, 4.779, 0.005, 59.972, -49.242
99.302, 70.630, -23.958, -60.381, 4.779, 0.005, 59.995, -49.594
99.654, 70.508, -24.268, -62.079, 4.779, 0.005, 60.019, -49.946
100.006, 70.386, -24.528, -52.039, 4.779, 0.005, 60.042, -50.297
100.358, 70.262, -24.797, -53.818, 4.779, 0.005, 60.066, -50.648
100.708, 70.136, -25.075, -55.600, 4.780, 0.005, 60.089, -50.998
101.058, 70.009, -25.362, -57.384, 4.780, 0.005, 60.113, -51.347
101.408, 69.881, -25.658, -59.173, 4.780, 0.005, 60.136, -51.695
101.756, 69.751, -25.963, -60.966, 4.781, 0.005, 60.160, -52.043
102.105, 69.620, -26.277, -62.760, 4.781, 0.005, 60.184, -52.391
102.452, 69.487, -26.600, -64.572, 4.782, 0.005, 60.208, -52.737
102.799, 69.352, -26.932, -66.388, 4.782, 0.005, 60.232, -53.083
103.145, 69.216, -27.273, -68.200, 4.783, 0.005, 60.256, -53.428
103.490, 69.078, -27.623, -70.036, 4.784, 0.005, 60.281, -53.773
103.835, 68.938, -27.982, -71.882, 4.785, 0.005, 60.306, -54.117
104.179, 68.796, -28.351, -73.731, 4.786, 0.005, 60.331, -54.460
104.522, 68.652, -28.729, -75.585, 4.786, 0.005, 60.356, -54.802
104.865, 68.507, -29.116, -77.483, 4.787, 0.005, 60.381, -55.144
105.207, 68.359, -29.513, -79.362, 4.788, 0.005, 60.407, -55.484
105.548, 68.210, -29.919, -81.269, 4.790, 0.005, 60.433, -55.825
105.888, 68.058, -30.335, -83.193, 4.791, 0.005, 60.460, -56.164
106.227, 67.904, -30.761, -85.125, 4.792, 0.005, 60.487, -56.502
106.566, 67.748, -31.196, -87.071, 4.793, 0.005, 60.514, -56.840
106.904, 67.590, -31.642, -89.069, 4.795, 0.005, 60.541, -57.177
107.241, 67.430, -32.097, -91.031, 4.796, 0.005, 60.569, -57.513
107.578, 67.267, -32.562, -93.035, 4.798, 0.005, 60.598, -57.848
107.913, 67.102, -33.037, -95.086, 4.799, 0.005, 60.627, -58.182
108.248, 66.934, -33.523, -97.099, 4.801, 0.005, 60.656, -58.515
108.582, 66.764, -34.019, -99.193, 4.803, 0.005, 60.686, -58.848
108.914, 66.591, -34.525, -101.267, 4.804, 0.005, 60.716, -59.180
109.247, 66.416, -35.042, -103.369, 4.806, 0.005, 60.747, -59.510
109.578, 66.238, -35.569, -105.481, 4.808, 0.005, 60.778, -59.840
109.908, 66.058, -36.108, -107.638, 4.810, 0.005, 60.810, -60.169
110.237, 65.874, -36.657, -109.819, 4.812, 0.005, 60.842, -60.496
110.566, 65.688, -37.217, -111.990, 4.814, 0.005, 60.876, -60.823
110.893, 65.499, -37.788, -114.196, 4.817, 0.005, 60.909, -61.149
111.220, 65.307, -38.370, -116.409, 4.819, 0.005, 60.944, -61.474
111.545, 65.113, -38.963, -118.673, 4.821, 0.005, 60.979, -61.797
111.870, 64.915, -39.568, -120.951, 4.824, 0.005, 61.014, -62.120
112.194, 64.714, -40.184, -123.174, 4.826, 0.005, 61.051, -62.441
112.516, 64.510, -40.811, -125.530, 4.829, 0.005, 61.088, -62.762
112.838, 64.303, -41.450, -127.798, 4.831, 0.005, 61.125, -63.081
113.158, 64.092, -42.101, -130.170, 4.834, 0.005, 61.164, -63.399
113.478, 63.878, -42.763, -132.456, 4.837, 0.005, 61.203, -63.716
113.796, 63.661, -43.438, -134.851, 4.840, 0.005, 61.243, -64.032
114.113, 63.440, -44.123, -137.155, 4.843, 0.005, 61.284, -64.347
114.429, 63.216, -44.821, -139.581, 4.846, 0.005, 61.325, -64.660
114.744, 62.989, -45.531, -141.870, 4.849, 0.005, 61.368, -64.972
115.058, 62.757, -46.252, -144.274, 4.852, 0.005, 61.411, -65.283
115.370, 62.522, -46.985, -146.661, 4.856, 0.005, 61.455, -65.592
115.682, 62.284, -47.730, -148.941, 4.859, 0.005, 61.500, -65.900
115.992, 62.041, -48.487, -151.311, 4.863, 0.005, 61.546, -66.207
116.301, 61.795, -49.255, -153.673, 4.866, 0.005, 61.593, -66.513
116.609, 61.545, -50.034, -155.888, 4.870, 0.005, 61.641, -66.817
116.915, 61.291, -50.825, -158.196, 4.874, 0.005, 61.689, -67.119
117.220, 61.033, -51.628, -160.475, 4.878, 0.005, 61.739, -67.420
117.524, 60.770, -52.441, -162.577, 4.882, 0.005, 61.789, -67.720
117.827, 60.504, -53.265, -164.773, 4.886, 0.005, 61.841, -68.018
118.128, 60.234, -54.099, -166.867, 4.890, 0.005, 61.894, -68.315
118.428, 59.959, -54.943, -168.848, 4.894, 0.005, 61.947, -68.610
118.726, 59.680, -55.797, -170.828, 4.899, 0.005, 62.002, -68.903
119.023, 59.397, -56.660, -172.622, 4.903, 0.005, 62.057, -69.195
119.319, 59.109, -57.532, -174.405, 4.908, 0.005, 62.114, -69.485
119.613, 58.817, -58.413, -176.111, 4.912, 0.005, 62.172, -69.773
119.905, 58.520, -59.301, -177.513, 4.917, 0.005, 62.231, -70.060
120.196, 58.219, -60.195, -178.982, 4.922, 0.005, 62.290, -70.345
120.486, 57.914, -61.096, -180.189, 4.927, 0.005, 62.351, -70.628
120.774, 57.604, -62.003, -181.255, 4.932, 0.005, 62.413, -70.909
121.060, 57.289, -62.913, -182.057, 4.938, 0.005, 62.477, -71.188
121.345, 56.970, -63.827, -182.841, 4.943, 0.005, 62.541, -71.466
121.629, 56.647, -64.743, -183.161, 4.948, 0.005, 62.606, -71.741
121.910, 56.318, -65.660, -183.466, 4.954, 0.005, 62.673, -72.015
122.190, 55.985, -66.577, -183.335, 4.960, 0.005, 62.741, -72.287
122.468, 55.648, -67.492, -182.967, 4.966, 0.005, 62.810, -72.556
122.745, 55.306, -68.403, -182.289, 4.972, 0.005, 62.880, -72.824
123.020, 54.959, -69.310, -181.337, 4.978, 0.005, 62.951, -73.089
123.293, 54.608, -70.209, -179.872, 4.984, 0.005, 63.023, -73.352
123.564, 54.253, -71.100, -178.160, 4.990, 0.005, 63.097, -73.613
123.833, 53.893, -71.980, -175.901, 4.997, 0.005, 63.172, -73.872
124.101, 53.529, -72.846, -173.315, 5.004, 0.005, 63.248, -74.129
124.367, 53.160, -73.697, -170.120, 5.010, 0.005, 63.325, -74.383
124.631, 52.788, -74.529, -166.491, 5.017, 0.005, 63.403, -74.635
124.893, 52.411, -75.341, -162.341, 5.024, 0.005, 63.483, -74.885
125.153, 52.030, -76.129, -157.514, 5.031, 0.005, 63.564, -75.132
125.411, 51.646, -76.889, -152.150, 5.039, 0.005, 63.645, -75.377
125.668, 51.258, -77.620, -146.135, 5.046, 0.005, 63.729, -75.620
125.922, 50.866, -78.317, -139.412, 5.054, 0.005, 63.813, -75.860
126.174, 50.471, -78.977, -132.025, 5.062, 0.005, 63.898, -76.097
126.425, 50.073, -79.597, -123.892, 5.070, 0.005, 63.985, -76.332
126.673, 49.672, -80.171, -114.914, 5.078, 0.005, 64.073, -76.564
126.919, 49.269, -80.697, -105.271, 5.086, 0.005, 64.161, -76.794
127.164, 48.863, -81.171, -94.755, 5.094, 0.005, 64.252, -77.021
127.406, 48.455, -81.588, -83.308, 5.103, 0.005, 64.343, -77.246
127.646, 48.045, -81.944, -71.147, 5.111, 0.005, 64.435, -77.467
127.884, 47.634, -82.234, -58.003, 5.120, 0.005, 64.529, -77.687
128.120, 47.222, -82.454, -44.015, 5.129, 0.005, 64.623, -77.903
128.354, 46.809, -82.599, -29.065, 5.138, 0.005, 64.719, -78.116
128.586, 46.396, -82.666, -13.338, 5.147, 0.005, 64.816, -78.327
128.816, 45.982, -82.649, 3.396, 5.157, 0.005, 64.913, -78.535
129.044, 45.570, -82.544, 20.992, 5.166, 0.005, 65.012, -78.741
129.270, 45.158, -82.347, 39.379, 5.176, 0.005, 65.112, -78.943
129.494, 44.748, -82.053, 58.686, 5.186, 0.005, 65.213, -79.143
129.715, 44.339, -81.660, 78.741, 5.196, 0.005, 65.315, -79.340
129.935, 43.934, -81.162, 99.596, 5.206, 0.005, 65.418, -79.534
130.153, 43.531, -80.556, 121.087, 5.216, 0.005, 65.522, -79.725
130.368, 43.132, -79.840, 143.256, 5.226, 0.005, 65.627, -79.913
130.582, 42.736, -79.010, 166.004, 5.237, 0.005, 65.733, -80.099
130.794, 42.346, -78.064, 189.160, 5.247, 0.005, 65.840, -80.281
131.004, 41.961, -77.000, 212.772, 5.258, 0.005, 65.948, -80.461
131.211, 41.582, -75.817, 236.603, 5.269, 0.005, 66.057, -80.638
131.418, 41.209, -74.514, 260.641, 5.280, 0.005, 66.167, -80.813
131.622, 40.844, -73.091, 284.701, 5.291, 0.005, 66.278, -80.984
131.824, 40.486, -71.547, 308.644, 5.302, 0.005, 66.389, -81.153
132.025, 40.137, -69.885, 332.391, 5.314, 0.005, 66.502, -81.319
132.224, 39.796, -68.107, 355.748, 5.325, 0.005, 66.616, -81.483
132.421, 39.465, -66.214, 378.579, 5.337, 0.005, 66.730, -81.643
132.617, 39.144, -64.210, 400.730, 5.348, 0.005, 66.845, -81.802
132.811, 38.834, -62.100, 422.053, 5.360, 0.005, 66.961, -81.957
133.004, 38.534, -59.888, 442.386, 5.372, 0.005, 67.079, -82.110
133.195, 38.246, -57.580, 461.561, 5.383, 0.005, 67.197, -82.261
133.385, 37.970, -55.183, 479.469, 5.395, 0.005, 67.315, -82.409
133.573, 37.707, -52.703, 495.933, 5.407, 0.005, 67.435, -82.554
133.761, 37.456, -50.149, 510.823, 5.419, 0.005, 67.556, -82.697
133.947, 37.219, -47.529, 524.040, 5.431, 0.005, 67.678, -82.838
134.132, 36.994, -44.852, 535.423, 5.443, 0.005, 67.800, -82.977
134.316, 36.784, -42.127, 544.926, 5.455, 0.005, 67.924, -83.113
134.499, 36.587, -39.365, 552.423, 5.468, 0.005, 68.049, -83.247
134.681, 36.404, -36.576, 557.877, 5.480, 0.005, 68.174, -83.378
134.862, 36.235, -33.769, 561.217, 5.492, 0.005, 68.301, -83.508
135.042, 36.080, -30.957, 562.422, 5.504, 0.005, 68.428, -83.636
135.222, 35.940, -28.150, 561.478, 5.516, 0.005, 68.557, -83.761
135.401, 35.813, -25.358, 558.390, 5.528, 0.005, 68.687, -83.885
135.579, 35.700, -22.592, 553.189, 5.540, 0.005, 68.817, -84.006
135.757, 35.601, -19.862, 545.916, 5.552, 0.005, 68.949, -84.126
135.935, 35.515, -17.179, 536.635, 5.564, 0.005, 69.082, -84.243
136.112, 35.442, -14.552, 525.426, 5.576, 0.005, 69.216, -84.359
136.289, 35.382, -11.990, 512.378, 5.588, 0.005, 69.351, -84.473
136.466, 35.334, -9.502, 497.623, 5.600, 0.005, 69.488, -84.586
136.642, 35.299, -7.096, 481.252, 5.612, 0.005, 69.625, -84.696
136.819, 35.275, -4.779, 463.416, 5.624, 0.005, 69.764, -84.805
136.995, 35.262, -2.558, 444.256, 5.635, 0.005, 69.904, -84.912
137.171, 35.260, -0.438, 423.915, 5.647, 0.005, 70.045, -85.018
137.348, 35.268, 1.575, 402.547, 5.658, 0.005, 70.188, -85.122
137.524, 35.285, 3.476, 380.294, 5.670, 0.005, 70.331, -85.224
137.701, 35.312, 5.263, 357.349, 5.681, 0.005, 70.476, -85.325
137.877, 35.346, 6.932, 333.827, 5.692, 0.005, 70.622, -85.425
138.054, 35.389, 8.482, 309.888, 5.703, 0.005, 70.770, -85.522
138.231, 35.438, 9.910, 285.689, 5.714, 0.005, 70.919, -85.619
138.409, 35.494, 11.217, 261.367, 5.725, 0.005, 71.069, -85.713
138.587, 35.556, 12.402, 237.057, 5.735, 0.005, 71.220, -85.807
138.765, 35.624, 13.467, 212.886, 5.746, 0.005, 71.373, -85.899
138.943, 35.696, 14.411, 188.917, 5.756, 0.005, 71.526, -85.989
139.122, 35.772, 15.238, 165.427, 5.767, 0.005, 71.681, -86.078
139.301, 35.852, 15.950, 142.259, 5.777, 0.005, 71.838, -86.166
139.481, 35.934, 16.548, 119.703, 5.787, 0.005, 71.995, -86.253
139.661, 36.020, 17.037, 97.774, 5.797, 0.005, 72.154, -86.337
139.842, 36.107, 17.420, 76.540, 5.807, 0.005, 72.314, -86.421
140.023, 36.195, 17.700, 55.979, 5.816, 0.005, 72.475, -86.503
140.204, 36.285, 17.881, 36.321, 5.826, 0.005, 72.638, -86.584
140.386, 36.374, 17.968, 17.414, 5.835, 0.005, 72.801, -86.664
140.568, 36.464, 17.965, -0.615, 5.844, 0.005, 72.966, -86.742
140.751, 36.554, 17.876, -17.724, 5.853, 0.005, 73.132, -86.819
140.934, 36.642, 17.706, -34.009, 5.862, 0.005, 73.299, -86.895
141.118, 36.729, 17.460, -49.323, 5.871, 0.005, 73.466, -86.969
141.302, 36.815, 17.141, -63.737, 5.879, 0.005, 73.635, -87.042
141.487, 36.899, 16.755, -77.318, 5.888, 0.005, 73.805, -87.114
141.671, 36.980, 16.305, -89.941, 5.896, 0.005, 73.976, -87.185
141.857, 37.059, 15.796, -101.730, 5.904, 0.005, 74.148, -87.254
142.042, 37.136, 15.233, -112.712, 5.912, 0.005, 74.321, -87.322
142.228, 37.209, 14.619, -122.724, 5.920, 0.005, 74.495, -87.389
142.415, 37.279, 13.959, -132.070, 5.928, 0.005, 74.669, -87.454
142.602, 37.345, 13.256, -140.609, 5.935, 0.005, 74.844, -87.518
142.789, 37.407, 12.514, -148.329, 5.943, 0.005, 75.020, -87.581
142.976, 37.466, 11.737, -155.458, 5.950, 0.005, 75.197, -87.643
143.164, 37.521, 10.928, -161.791, 5.957, 0.005, 75.375, -87.704
143.351, 37.571, 10.090, -167.470, 5.964, 0.005, 75.553, -87.764
143.539, 37.617, 9.227, -172.675, 5.971, 0.005, 75.732, -87.822
143.728, 37.659, 8.342, -177.096, 5.978, 0.005, 75.911, -87.879
143.916, 37.696, 7.436, -181.114, 5.985, 0.005, 76.091, -87.935
144.105, 37.729, 6.513, -184.560, 5.991, 0.005, 76.272, -87.990
144.294, 37.757, 5.576, -187.475, 5.998, 0.005, 76.453, -88.044
144.483, 37.780, 4.626, -189.993, 6.004, 0.005, 76.634, -88.096
144.672, 37.798, 3.666, -192.051, 6.010, 0.005, 76.816, -88.148
144.861, 37.812, 2.697, -193.774, 6.016, 0.005, 76.998, -88.198
145.050, 37.820, 1.722, -194.970, 6.022, 0.005, 77.181, -88.248
145.239, 37.824, 0.742, -196.020, 6.028, 0.005, 77.363, -88.296
145.428, 37.823, -0.241, -196.626, 6.034, 0.005, 77.547, -88.343
145.617, 37.817, -1.226, -196.941, 6.039, 0.005, 77.730, -88.389
145.806, 37.805, -2.211, -197.043, 6.045, 0.005, 77.913, -88.435
145.995, 37.789, -3.196, -196.861, 6.050, 0.005, 78.097, -88.479
146.184, 37.769, -4.178, -196.515, 6.055, 0.005, 78.281, -88.522
146.373, 37.743, -5.157, -195.847, 6.060, 0.005, 78.465, -88.564
146.561, 37.712, -6.133, -195.099, 6.065, 0.005, 78.649, -88.605
146.750, 37.677, -7.103, -194.081, 6.070, 0.005, 78.833, -88.646
146.938, 37.636, -8.069, -193.081, 6.075, 0.005, 79.017, -88.685
147.126, 37.591, -9.027, -191.723, 6.080, 0.005, 79.201, -88.723
147.313, 37.541, -9.979, -190.431, 6.085, 0.005, 79.385, -88.761
147.501, 37.487, -10.924, -188.940, 6.089, 0.005, 79.569, -88.797
147.688, 37.427, -11.861, -187.356, 6.094, 0.005, 79.752, -88.833
147.875, 37.363, -12.789, -185.690, 6.098, 0.005, 79.936, -88.868
148.061, 37.295, -13.709, -184.011, 6.102, 0.005, 80.119, -88.902
148.247, 37.222, -14.620, -182.176, 6.106, 0.005, 80.303, -88.935
148.433, 37.144, -15.522, -180.370, 6.110, 0.005, 80.485, -88.967
148.618, 37.062, -16.414, -178.431, 6.114, 0.005, 80.668, -88.999
148.803, 36.976, -17.297, -176.558, 6.118, 0.005, 80.850, -89.029
148.988, 36.885, -18.170, -174.597, 6.122, 0.005, 81.032, -89.059
149.172, 36.790, -19.033, -172.616, 6.126, 0.005, 81.214, -89.088
149.355, 36.690, -19.886, -170.619, 6.130, 0.005, 81.395, -89.117
149.538, 36.586, -20.729, -168.612, 6.133, 0.005, 81.576, -89.144
149.720, 36.479, -21.562, -166.601, 6.137, 0.005, 81.756, -89.171
149.902, 36.367, -22.385, -164.590, 6.140, 0.005, 81.936, -89.197
150.083, 36.251, -23.199, -162.668, 6.144, 0.005, 82.116, -89.223
150.264, 36.131, -24.001, -160.516, 6.147, 0.005, 82.295, -89.248
150.444, 36.007, -24.794, -158.641, 6.150, 0.005, 82.473, -89.272
150.624, 35.879, -25.578, -156.632, 6.153, 0.005, 82.651, -89.295
150.802, 35.747, -26.351, -154.662, 6.157, 0.005, 82.828, -89.318
150.980, 35.612, -27.115, -152.733, 6.160, 0.005, 83.005, -89.340
151.158, 35.472, -27.869, -150.829, 6.163, 0.005, 83.181, -89.362
151.334, 35.329, -28.613, -148.857, 6.165, 0.005, 83.356, -89.383
151.510, 35.182, -29.349, -147.139, 6.168, 0.005, 83.531, -89.403
151.685, 35.032, -30.074, -145.099, 6.171, 0.005, 83.705, -89.423
151.860, 34.878, -30.791, -143.405, 6.174, 0.005, 83.878, -89.443
152.033, 34.721, -31.499, -141.610, 6.177, 0.005, 84.051, -89.461
152.206, 34.560, -32.198, -139.758, 6.179, 0.005, 84.223, -89.479
152.378, 34.395, -32.889, -138.143, 6.182, 0.005, 84.394, -89.497
152.549, 34.227, -33.571, -136.354, 6.184, 0.005, 84.564, -89.514
152.720, 34.056, -34.244, -134.686, 6.187, 0.005, 84.734, -89.531
152.889, 33.882, -34.910, -133.145, 6.189, 0.005, 84.902, -89.547
153.058, 33.704, -35.567, -131.368, 6.191, 0.005, 85.070, -89.563
153.225, 33.523, -36.216, -129.973, 6.194, 0.005, 85.237, -89.578
153.392, 33.338, -36.858, -128.257, 6.196, 0.005, 85.403, -89.592
153.558, 33.151, -37.492, -126.905, 6.198, 0.005, 85.568, -89.607
153.722, 32.960, -38.119, -125.259, 6.200, 0.005, 85.732, -89.621
153.886, 32.767, -38.738, -123.987, 6.202, 0.005, 85.896, -89.634
154.049, 32.570, -39.350, -122.402, 6.204, 0.005, 86.058, -89.647
154.211, 32.370, -39.956, -121.090, 6.206, 0.005, 86.219, -89.660
154.372, 32.167, -40.555, -119.791, 6.208, 0.005, 86.380, -89.672
154.532, 31.962, -41.094, -107.809, 6.210, 0.005, 86.539, -89.684
154.690, 31.754, -41.515, -84.144, 6.212, 0.005, 86.698, -89.695
154.848, 31.545, -41.869, -70.854, 6.214, 0.005, 86.855, -89.706
155.005, 31.334, -42.216, -69.320, 6.216, 0.005, 87.011, -89.717
155.160, 31.121, -42.502, -57.210, 6.217, 0.005, 87.166, -89.727
155.315, 30.908, -42.668, -33.190, 6.219, 0.005, 87.321, -89.737
155.468, 30.694, -42.766, -19.680, 6.221, 0.005, 87.474, -89.747
155.621, 30.480, -42.856, -18.059, 6.222, 0.005, 87.626, -89.756
155.772, 30.265, -42.938, -16.424, 6.224, 0.005, 87.777, -89.765
155.922, 30.050, -43.013, -14.842, 6.226, 0.005, 87.927, -89.774
156.072, 29.835, -43.079, -13.370, 6.227, 0.005, 88.076, -89.782
156.220, 29.619, -43.139, -11.890, 6.229, 0.005, 88.224, -89.791
156.367, 29.403, -43.191, -10.414, 6.230, 0.005, 88.371, -89.799
156.513, 29.187, -43.236, -9.051, 6.231, 0.005, 88.516, -89.806
156.657, 28.970, -43.275, -7.689, 6.233, 0.005, 88.661, -89.814
156.801, 28.754, -43.307, -6.423, 6.234, 0.005, 88.805, -89.821
156.944, 28.537, -43.332, -5.015, 6.235, 0.005, 88.947, -89.828
157.085, 28.321, -43.351, -3.924, 6.237, 0.005, 89.089, -89.834
157.226, 28.104, -43.364, -2.599, 6.238, 0.005, 89.229, -89.841
157.365, 27.887, -43.372, -1.456, 6.239, 0.005, 89.368, -89.847
157.504, 27.670, -43.373, -0.347, 6.240, 0.005, 89.506, -89.853
157.641, 27.453, -43.369, 0.831, 6.242, 0.005, 89.644, -89.859
157.777, 27.236, -43.360, 1.861, 6.243, 0.005, 89.780, -89.864
157.912, 27.020, -43.345, 2.956, 6.244, 0.005, 89.915, -89.870
158.046, 26.803, -43.325, 3.961, 6.245, 0.005, 90.049, -89.875
158.179, 26.586, -43.301, 4.963, 6.246, 0.005, 90.181, -89.880
158.311, 26.370, -43.271, 5.917, 6.247, 0.005, 90.313, -89.885
158.442, 26.154, -43.237, 6.896, 6.248, 0.005, 90.444, -89.890
158.572, 25.938, -43.197, 7.815, 6.249, 0.005, 90.573, -89.894
158.700, 25.722, -43.154, 8.676, 6.250, 0.005, 90.702, -89.898
158.828, 25.507, -43.106, 9.601, 6.251, 0.005, 90.829, -89.903
158.954, 25.291, -43.054, 10.396, 6.252, 0.005, 90.956, -89.907
159.080, 25.076, -42.998, 11.281, 6.253, 0.005, 91.081, -89.910
159.204, 24.862, -42.938, 12.026, 6.254, 0.005, 91.205, -89.914
159.327, 24.647, -42.873, 12.896, 6.254, 0.005, 91.329, -89.918
159.449, 24.433, -42.805, 13.591, 6.255, 0.005, 91.451, -89.921
159.570, 24.220, -42.733, 14.373, 6.256, 0.005, 91.572, -89.925
159.690, 24.006, -42.658, 15.088, 6.257, 0.005, 91.692, -89.928
159.809, 23.793, -42.579, 15.811, 6.258, 0.005, 91.811, -89.931
159.927, 23.581, -42.496, 16.492, 6.258, 0.005, 91.929, -89.934
160.044, 23.369, -42.410, 17.193, 6.259, 0.005, 92.045, -89.937
160.160, 23.157, -42.321, 17.820, 6.260, 0.005, 92.161, -89.939
160.275, 22.946, -42.229, 18.465, 6.261, 0.005, 92.276, -89.942
160.388, 22.736, -42.133, 19.144, 6.261, 0.005, 92.389, -89.945
160.501, 22.525, -42.035, 19.697, 6.262, 0.005, 92.502, -89.947
160.613, 22.316, -41.933, 20.348, 6.262, 0.005, 92.614, -89.949
160.723, 22.107, -41.829, 20.863, 6.263, 0.005, 92.724, -89.952
160.833, 21.898, -41.721, 21.523, 6.264, 0.005, 92.834, -89.954
160.941, 21.690, -41.611, 22.027, 6.264, 0.005, 92.942, -89.956
161.048, 21.482, -41.498, 22.569, 6.265, 0.005, 93.049, -89.958
161.155, 21.275, -41.382, 23.131, 6.265, 0.005, 93.156, -89.960
161.260, 21.069, -41.264, 23.641, 6.266, 0.005, 93.261, -89.962
161.364, 20.863, -41.144, 24.130, 6.267, 0.005, 93.365, -89.963
161.468, 20.658, -41.020, 24.669, 6.267, 0.005, 93.469, -89.965
161.570, 20.454, -40.895, 25.127, 6.268, 0.005, 93.571, -89.967
161.671, 20.250, -40.766, 25.613, 6.268, 0.005, 93.672, -89.968
161.771, 20.047, -40.636, 26.065, 6.269, 0.005, 93.772, -89.970
161.871, 19.844, -40.503, 26.567, 6.269, 0.005, 93.872, -89.971
161.969, 19.642, -40.369, 26.952, 6.269, 0.005, 93.970, -89.973
162.066, 19.441, -40.231, 27.437, 6.270, 0.005, 94.067, -89.974
162.162, 19.241, -40.092, 27.849, 6.270, 0.005, 94.163, -89.975
162.258, 19.041, -39.951, 28.283, 6.271, 0.005, 94.258, -89.976
162.352, 18.842, -39.807, 28.647, 6.271, 0.005, 94.353, -89.977
162.445, 18.644, -39.662, 29.122, 6.272, 0.005, 94.446, -89.979
162.537, 18.446, -39.515, 29.453, 6.272, 0.005, 94.538, -89.980
162.628, 18.249, -39.365, 29.887, 6.272, 0.005, 94.629, -89.981
162.719, 18.053, -39.214, 30.250, 6.273, 0.005, 94.720, -89.982
162.808, 17.858, -39.061, 30.596, 6.273, 0.005, 94.809, -89.983
162.896, 17.663, -38.906, 31.006, 6.273, 0.005, 94.897, -89.983
162.984, 17.470, -38.749, 31.338, 6.274, 0.005, 94.984, -89.984
163.070, 17.277, -38.591, 31.690, 6.274, 0.005, 95.071, -89.985
163.155, 17.085, -38.431, 32.048, 6.274, 0.005, 95.156, -89.986
163.240, 16.893, -38.269, 32.383, 6.275, 0.005, 95.241, -89.987
163.323, 16.703, -38.105, 32.688, 6.275, 0.005, 95.324, -89.987
163.406, 16.513, -37.940, 33.067, 6.275, 0.005, 95.407, -89.988
163.488, 16.324, -37.773, 33.349, 6.276, 0.005, 95.488, -89.989
163.568, 16.136, -37.605, 33.666, 6.276, 0.005, 95.569, -89.989
163.648, 15.949, -37.435, 33.984, 6.276, 0.005, 95.649, -89.990
163.727, 15.763, -37.263, 34.291, 6.276, 0.005, 95.728, -89.990
163.805, 15.577, -37.090, 34.589, 6.277, 0.005, 95.806, -89.991
163.882, 15.393, -36.916, 34.868, 6.277, 0.005, 95.883, -89.991
163.958, 15.209, -36.740, 35.159, 6.277, 0.005, 95.959, -89.992
164.033, 15.026, -36.563, 35.471, 6.277, 0.005, 96.034, -89.992
164.107, 14.844, -36.384, 35.723, 6.278, 0.005, 96.108, -89.993
164.180, 14.663, -36.204, 35.992, 6.278, 0.005, 96.181, -89.993
164.253, 14.483, -36.023, 36.281, 6.278, 0.005, 96.254, -89.993
164.324, 14.304, -35.840, 36.535, 6.278, 0.005, 96.325, -89.994
164.395, 14.126, -35.656, 36.791, 6.278, 0.005, 96.396, -89.994
164.465, 13.948, -35.471, 37.065, 6.279, 0.005, 96.466, -89.994
164.534, 13.772, -35.284, 37.309, 6.279, 0.005, 96.534, -89.995
164.602, 13.596, -35.097, 37.540, 6.279, 0.005, 96.602, -89.995
164.669, 13.422, -34.908, 37.802, 6.279, 0.005, 96.669, -89.995
164.735, 13.248, -34.717, 38.052, 6.279, 0.005, 96.736, -89.996
164.800, 13.076, -34.526, 38.268, 6.279, 0.005, 96.801, -89.996
164.865, 12.904, -34.334, 38.510, 6.280, 0.005, 96.866, -89.996
164.928, 12.733, -34.140, 38.744, 6.280, 0.005, 96.929, -89.996
164.991, 12.563, -33.945, 38.952, 6.280, 0.005, 96.992, -89.997
165.053, 12.395, -33.749, 39.201, 6.280, 0.005, 97.054, -89.997
165.114, 12.227, -33.552, 39.392, 6.280, 0.005, 97.115, -89.997
165.175, 12.060, -33.354, 39.631, 6.280, 0.005, 97.175, -89.997
165.234, 11.894, -33.155, 39.832, 6.280, 0.005, 97.235, -89.997
165.293, 11.730, -32.955, 40.035, 6.280, 0.005, 97.294, -89.998
165.351, 11.566, -32.753, 40.247, 6.281, 0.005, 97.351, -89.998
165.408, 11.403, -32.551, 40.458, 6.281, 0.005, 97.408, -89.998
165.464, 11.241, -32.348, 40.647, 6.281, 0.005, 97.465, -89.998
165.519, 11.081, -32.144, 40.842, 6.281, 0.005, 97.520, -89.998
165.574, 10.921, -31.938, 41.043, 6.281, 0.005, 97.575, -89.998
165.628, 10.762, -31.732, 41.233, 6.281, 0.005, 97.628, -89.998
165.681, 10.605, -31.525, 41.411, 6.281, 0.005, 97.681, -89.998
165.733, 10.448, -31.317, 41.601, 6.281, 0.005, 97.734, -89.999
165.784, 10.293, -31.108, 41.796, 6.281, 0.005, 97.785, -89.999
165.835, 10.138, -30.898, 41.955, 6.281, 0.005, 97.836, -89.999
165.885, 9.985, -30.688, 42.149, 6.282, 0.005, 97.886, -89.999
165.934, 9.832, -30.476, 42.303, 6.282, 0.005, 97.935, -89.999
165.983, 9.681, -30.264, 42.485, 6.282, 0.005, 97.983, -89.999
166.030, 9.531, -30.050, 42.665, 6.282, 0.005, 98.031, -89.999
166.077, 9.381, -29.836, 42.809, 6.282, 0.005, 98.078, -89.999
166.123, 9.233, -29.621, 42.992, 6.282, 0.005, 98.124, -89.999
166.169, 9.086, -29.406, 43.133, 6.282, 0.005, 98.170, -89.999
166.213, 8.940, -29.189, 43.307, 6.282, 0.005, 98.214, -89.999
166.257, 8.796, -28.972, 43.460, 6.282, 0.005, 98.258, -89.999
166.301, 8.652, -28.754, 43.608, 6.282, 0.005, 98.301, -89.999
166.343, 8.509, -28.535, 43.757, 6.282, 0.005, 98.344, -89.999
166.385, 8.368, -28.316, 43.921, 6.282, 0.005, 98.386, -89.999
166.426, 8.227, -28.095, 44.049, 6.282, 0.005, 98.427, -90.000
166.467, 8.088, -27.874, 44.208, 6.282, 0.005, 98.467, -90.000
166.506, 7.949, -27.653, 44.334, 6.282, 0.005, 98.507, -90.000
166.545, 7.812, -27.430, 44.490, 6.282, 0.005, 98.546, -90.000
166.584, 7.676, -27.207, 44.609, 6.282, 0.005, 98.585, -90.000
166.622, 7.541, -26.983, 44.763, 6.282, 0.005, 98.622, -90.000
166.659, 7.408, -26.759, 44.884, 6.283, 0.005, 98.659, -90.000
166.695, 7.275, -26.534, 45.011, 6.283, 0.005, 98.696, -90.000
166.731, 7.143, -26.308, 45.149, 6.283, 0.005, 98.731, -90.000
166.766, 7.013, -26.082, 45.269, 6.283, 0.005, 98.767, -90.000
166.800, 6.884, -25.855, 45.393, 6.283, 0.005, 98.801, -90.000
166.834, 6.755, -25.627, 45.517, 6.283, 0.005, 98.835, -90.000
166.867, 6.628, -25.399, 45.634, 6.283, 0.005, 98.868, -90.000
166.900, 6.503, -25.170, 45.755, 6.283, 0.005, 98.900, -90.000
166.931, 6.378, -24.941, 45.865, 6.283, 0.005, 98.932, -90.000
166.963, 6.254, -24.711, 45.979, 6.283, 0.005, 98.964, -90.000
166.993, 6.132, -24.481, 46.098, 6.283, 0.005, 98.994, -90.000
167.023, 6.011, -24.250, 46.196, 6.283, 0.005, 99.024, -90.000
167.053, 5.891, -24.018, 46.313, 6.283, 0.005, 99.054, -90.000
167.082, 5.772, -23.786, 46.409, 6.283, 0.005, 99.083, -90.000
167.110, 5.654, -23.553, 46.522, 6.283, 0.005, 99.111, -90.000
167.138, 5.537, -23.320, 46.613, 6.283, 0.005, 99.139, -90.000
167.165, 5.422, -23.087, 46.718, 6.283, 0.005, 99.166, -90.000
167.191, 5.308, -22.853, 46.817, 6.283, 0.005, 99.192, -90.000
167.217, 5.195, -22.618, 46.907, 6.283, 0.005, 99.218, -90.000
167.243, 5.083, -22.383, 47.002, 6.283, 0.005, 99.244, -90.000
167.268, 4.972, -22.148, 47.098, 6.283, 0.005, 99.268, -90.000
167.292, 4.862, -21.912, 47.181, 6.283, 0.005, 99.293, -90.000
167.316, 4.754, -21.675, 47.275, 6.283, 0.005, 99.316, -90.000
167.339, 4.647, -21.438, 47.359, 6.283, 0.005, 99.340, -90.000
167.362, 4.541, -21.201, 47.438, 6.283, 0.005, 99.362, -90.000
167.384, 4.436, -20.964, 47.530, 6.283, 0.005, 99.385, -90.000
167.405, 4.332, -20.726, 47.604, 6.283, 0.005, 99.406, -90.000
167.427, 4.230, -20.487, 47.685, 6.283, 0.005, 99.427, -90.000
167.447, 4.129, -20.248, 47.758, 6.283, 0.005, 99.448, -90.000
167.467, 4.029, -20.009, 47.840, 6.283, 0.005, 99.468, -90.000
167.487, 3.930, -19.770, 47.909, 6.283, 0.005, 99.488, -90.000
167.506, 3.832, -19.530, 47.983, 6.283, 0.005, 99.507, -90.000
167.525, 3.736, -19.289, 48.049, 6.283, 0.005, 99.526, -90.000
167.543, 3.640, -19.049, 48.124, 6.283, 0.005, 99.544, -90.000
167.561, 3.546, -18.808, 48.186, 6.283, 0.005, 99.562, -90.000
167.578, 3.454, -18.567, 48.253, 6.283, 0.005, 99.579, -90.000
167.595, 3.362, -18.325, 48.314, 6.283, 0.005, 99.596, -90.000
167.611, 3.271, -18.083, 48.381, 6.283, 0.005, 99.612, -90.000
167.627, 3.182, -17.841, 48.437, 6.283, 0.005, 99.628, -90.000
167.643, 3.094, -17.599, 48.497, 6.283, 0.005, 99.643, -90.000
167.658, 3.008, -17.356, 48.556, 6.283, 0.005, 99.658, -90.000
167.672, 2.922, -17.113, 48.607, 6.283, 0.005, 99.673, -90.000
167.687, 2.838, -16.869, 48.667, 6.283, 0.005, 99.687, -90.000
167.700, 2.754, -16.626, 48.716, 6.283, 0.005, 99.701, -90.000
167.714, 2.673, -16.382, 48.768, 6.283, 0.005, 99.714, -90.000
167.727, 2.592, -16.138, 48.816, 6.283, 0.005, 99.727, -90.000
167.739, 2.512, -15.894, 48.868, 6.283, 0.005, 99.740, -90.000
167.751, 2.434, -15.649, 48.912, 6.283, 0.005, 99.752, -90.000
167.763, 2.357, -15.404, 48.958, 6.283, 0.005, 99.764, -90.000
167.775, 2.281, -15.159, 49.003, 6.283, 0.005, 99.775, -90.000
167.786, 2.207, -14.914, 49.046, 6.283, 0.005, 99.786, -90.000
167.796, 2.133, -14.669, 49.085, 6.283, 0.005, 99.797, -90.000
167.807, 2.061, -14.423, 49.128, 6.283, 0.005, 99.807, -90.000
167.816, 1.990, -14.177, 49.164, 6.283, 0.005, 99.817, -90.000
167.826, 1.921, -13.931, 49.202, 6.283, 0.005, 99.827, -90.000
167.835, 1.852, -13.685, 49.239, 6.283, 0.005, 99.836, -90.000
167.844, 1.785, -13.438, 49.272, 6.283, 0.005, 99.845, -90.000
167.853, 1.719, -13.192, 49.308, 6.283, 0.005, 99.854, -90.000
167.861, 1.654, -12.945, 49.339, 6.283, 0.005, 99.862, -90.000
167.869, 1.591, -12.698, 49.370, 6.283, 0.005, 99.870, -90.000
167.877, 1.529, -12.451, 49.401, 6.283, 0.005, 99.878, -90.000
167.884, 1.468, -12.204, 49.430, 6.283, 0.005, 99.885, -90.000
167.891, 1.408, -11.957, 49.457, 6.283, 0.005, 99.892, -90.000
167.898, 1.349, -11.710, 49.483, 6.283, 0.005, 99.899, -90.000
167.904, 1.292, -11.462, 49.510, 6.283, 0.005, 99.905, -90.000
167.911, 1.236, -11.214, 49.534, 6.283, 0.005, 99.911, -90.000
167.916, 1.181, -10.967, 49.557, 6.283, 0.005, 99.917, -90.000
167.922, 1.128, -10.719, 49.580, 6.283, 0.005, 99.923, -90.000
167.927, 1.075, -10.471, 49.602, 6.283, 0.005, 99.928, -90.000
167.933, 1.024, -10.223, 49.622, 6.283, 0.005, 99.933, -90.000
167.937, 0.974, -9.974, 49.642, 6.283, 0.005, 99.938, -90.000
167.942, 0.926, -9.726, 49.660, 6.283, 0.005, 99.943, -90.000
167.946, 0.878, -9.478, 49.678, 6.283, 0.005, 99.947, -90.000
167.951, 0.832, -9.229, 49.694, 6.283, 0.005, 99.951, -90.000
167.955, 0.787, -8.981, 49.710, 6.283, 0.005, 99.955, -90.000
167.958, 0.744, -8.732, 49.726, 6.283, 0.005, 99.959, -90.000
167.962, 0.701, -8.483, 49.740, 6.283, 0.005, 99.963, -90.000
167.965, 0.660, -8.235, 49.753, 6.283, 0.005, 99.966, -90.000
167.968, 0.620, -7.986, 49.766, 6.283, 0.005, 99.969, -90.000
167.971, 0.581, -7.737, 49.778, 6.283, 0.005, 99.972, -90.000
167.974, 0.544, -7.488, 49.789, 6.283, 0.005, 99.975, -90.000
167.976, 0.508, -7.239, 49.800, 6.283, 0.005, 99.977, -90.000
167.979, 0.473, -6.990, 49.810, 6.283, 0.005, 99.979, -90.000
167.981, 0.439, -6.741, 49.819, 6.283, 0.005, 99.982, -90.000
167.983, 0.407, -6.492, 49.827, 6.283, 0.005, 99.984, -90.000
167.985, 0.375, -6.242, 49.835, 6.283, 0.005, 99.986, -90.000
167.987, 0.345, -5.993, 49.842, 6.283, 0.005, 99.987, -90.000
167.988, 0.317, -5.744, 49.849, 6.283, 0.005, 99.989, -90.000
167.990, 0.289, -5.495, 49.855, 6.283, 0.005, 99.990, -90.000
167.991, 0.263, -5.245, 49.861, 6.283, 0.005, 99.992, -90.000
167.992, 0.238, -4.996, 49.866, 6.283, 0.005, 99.993, -90.000
167.993, 0.214, -4.747, 49.871, 6.283, 0.005, 99.994, -90.000
167.994, 0.192, -4.497, 49.875, 6.283, 0.005, 99.995, -90.000
167.995, 0.171, -4.248, 49.879, 6.283, 0.005, 99.996, -90.000
167.996, 0.151, -3.998, 49.882, 6.283, 0.005, 99.996, -90.000
167.996, 0.132, -3.749, 49.885, 6.283, 0.005, 99.997, -90.000
167.997, 0.114, -3.500, 49.888, 6.283, 0.005, 99.998, -90.000
167.997, 0.098, -3.250, 49.890, 6.283, 0.005, 99.998, -90.000
167.998, 0.083, -3.001, 49.892, 6.283, 0.005, 99.999, -90.000
167.998, 0.069, -2.751, 49.894, 6.283, 0.005, 99.999, -90.000
167.998, 0.057, -2.502, 49.895, 6.283, 0.005, 99.999, -90.000
167.999, 0.046, -2.252, 49.896, 6.283, 0.005, 99.999, -90.000
167.999, 0.035, -2.003, 49.897, 6.283, 0.005, 100.000, -90.000
167.999, 0.027, -1.753, 49.898, 6.283, 0.005, 100.000, -90.000
167.999, 0.019, -1.504, 49.899, 6.283, 0.005, 100.000, -90.000
167.999, 0.013, -1.254, 49.899, 6.283, 0.005, 100.000, -90.000
167.999, 0.008, -1.005, 49.899, 6.283, 0.005, 100.000, -90.000
167.999, 0.004, -0.755, 49.900, 6.283, 0.005, 100.000, -90.000
167.999, 0.002, -0.506, 49.900, 0.000, 0.005, 100.000, -90.000
167.999, 0.000, -0.256, 49.900, 0.000, 0.005, 100.000, -90.000
167.999, 0.000, -0.066, 38.107, 0.000, 0.005, 100.000, -90.000
