timestamp, controlMode, output, position, velocity, setpoint, current
0.005396999999987884, MOTION_MAGIC, 0.0, 158.818359375, 0.0, 0.0, 0.0
0.09307400000000143, MOTION_MAGIC, 0.0, 158.818359375, 0.0, 0.0, 0.0
0.1617289999999798, MOTION_MAGIC, 0.0, 158.818359375, 0.0, 0.0, 0.0
0.2056609999999921, MOTION_MAGIC, 0.0, 158.818359375, 0.0, 0.0, 0.0
0.2630920000000003, MOTION_MAGIC, 0.0, 158.818359375, 0.0, 0.0, 0.0
0.3003180000000043, MOTION_MAGIC, 0.0, 158.818359375, 0.0, 0.0, 0.0
0.36203599999998914, MOTION_MAGIC, 0.0, 158.818359375, 0.0, 0.0, 0.0
0.40257299999998963, MOTION_MAGIC, 0.0, 158.818359375, 0.0, 0.0, 0.0
0.44388799999998696, MOTION_MAGIC, 0.0, 158.818359375, 0.0, 0.0, 0.0
0.48519699999999943, MOTION_MAGIC, 0.0, 158.818359375, 0.0, 0.0, 0.0
0.5703969999999856, MOTION_MAGIC, 0.0, 158.818359375, 0.0, 0.0, 0.0
0.6237940000000037, MOTION_MAGIC, 0.0, 158.818359375, 0.0, 0.0, 0.0
0.6643980000000056, MOTION_MAGIC, 0.0, 158.818359375, 0.0, 0.0, 0.0
0.7029959999999846, MOTION_MAGIC, 0.0, 158.818359375, 0.0, 0.0, 0.0
0.7440639999999803, MOTION_MAGIC, 0.0, 158.818359375, 0.0, 0.0, 0.0
0.7890479999999798, MOTION_MAGIC, 0.0, 158.818359375, 0.0, 0.0, 0.0
0.824988999999988, MOTION_MAGIC, 0.0, 158.818359375, 0.0, 0.0, 0.0
0.8851769999999988, MOTION_MAGIC, 0.0, 158.818359375, 0.0, 0.0, 0.0
0.9428629999999885, MOTION_MAGIC, 0.0, 158.818359375, 0.0, 0.0, 0.0
0.9852319999999963, MOTION_MAGIC, 0.0, 158.818359375, 0.0, 0.0, 0.0
1.0237259999999822, MOTION_MAGIC, 0.0, 158.818359375, 0.0, 0.0, 0.0
1.0894169999999974, MOTION_MAGIC, 0.0, 158.818359375, 0.0, 0.0, 0.0
1.1402070000000037, MOTION_MAGIC, 0.0, 158.818359375, 0.0, 0.0, 0.0
1.1815859999999816, MOTION_MAGIC, 0.0, 158.818359375, 0.0, 0.0, 0.0
1.2212219999999832, MOTION_MAGIC, 0.0, 158.818359375, 0.0, 0.0, 0.0
1.263670999999988, MOTION_MAGIC, 0.0, 158.818359375, 0.0, 0.0, 0.0
1.303609999999992, MOTION_MAGIC, 0.0, 158.818359375, 0.0, 0.0, 0.0
1.3386519999999962, MOTION_MAGIC, 0.0, 158.818359375, 0.0, 0.0, 0.0
1.423013999999995, MOTION_MAGIC, 0.0, 158.818359375, 0.0, 0.0, 0.0
1.4651649999999847, MOTION_MAGIC, 0.0, 158.818359375, 0.0, 0.0, 0.0
1.5051609999999869, MOTION_MAGIC, 0.0, 158.818359375, 0.0, 0.0, 0.0
1.5480519999999842, MOTION_MAGIC, 0.0, 158.818359375, 0.0, 0.0, 0.0
1.6140749999999855, MOTION_MAGIC, 0.0, 158.818359375, 0.0, 0.0, 0.0
1.6644220000000018, MOTION_MAGIC, 0.0, 158.818359375, 0.0, 0.0, 0.0
1.7062289999999791, MOTION_MAGIC, 0.0, 158.818359375, 0.0, 0.0, 0.0
1.7465799999999945, MOTION_MAGIC, 0.0, 158.818359375, 0.0, 0.0, 0.0
1.7884509999999807, MOTION_MAGIC, 0.0, 158.818359375, 0.0, 0.0, 0.0
1.8258710000000065, MOTION_MAGIC, 0.0, 158.818359375, 0.0, 0.0, 0.0
1.8667759999999873, MOTION_MAGIC, 0.0, 158.818359375, 0.0, 0.0, 0.0
1.9054820000000063, MOTION_MAGIC, 0.0, 158.818359375, 0.0, 0.0, 0.0
1.9469809999999939, MOTION_MAGIC, 0.0, 158.818359375, 0.0, 0.0, 0.0
1.9846789999999999, MOTION_MAGIC, 0.0, 158.818359375, 0.0, 0.0, 0.0
2.027579000000003, MOTION_MAGIC, 0.0, 158.818359375, 0.0, 0.0, 0.0
2.085694999999987, MOTION_MAGIC, 0.0, 158.818359375, 0.0, 0.0, 0.0
2.141147999999987, MOTION_MAGIC, 0.0, 158.818359375, 0.0, 0.0, 0.0
2.201757999999984, MOTION_MAGIC, 0.0, 158.818359375, 0.0, 0.0, 0.0
2.2438479999999856, MOTION_MAGIC, 0.0, 158.818359375, 0.0, 0.0, 0.0
2.3055750000000046, MOTION_MAGIC, 0.0, 158.818359375, 0.0, 0.0, 0.0
2.3457719999999824, MOTION_MAGIC, 0.0, 158.818359375, 0.0, 0.0, 0.0
2.380065000000002, MOTION_MAGIC, 0.0, 158.818359375, 0.0, 0.0, 0.0
2.4626899999999807, MOTION_MAGIC, 0.0, 158.818359375, 0.0, 0.0, 0.0
2.504538999999994, MOTION_MAGIC, 0.0, 158.818359375, 0.0, 0.0, 0.0
2.5468060000000037, MOTION_MAGIC, 0.0, 158.818359375, 0.0, 0.0, 0.0
2.5870569999999873, MOTION_MAGIC, 0.0, 158.818359375, 0.0, 0.0, 0.0
2.6331889999999873, MOTION_MAGIC, 0.0, 158.818359375, 0.0, 0.0, 0.0
2.6671369999999968, MOTION_MAGIC, 0.0, 158.818359375, 0.0, 0.0, 0.0
2.7077879999999936, MOTION_MAGIC, 0.0, 158.818359375, 0.0, 0.0, 0.0
2.747107999999997, MOTION_MAGIC, 0.0, 158.818359375, 0.0, 0.0, 0.0
2.7845999999999833, MOTION_MAGIC, 0.0, 158.818359375, 0.0, 0.0, 0.0
2.8241079999999954, MOTION_MAGIC, 0.0, 158.818359375, 0.0, 0.0, 0.0
2.8634359999999788, MOTION_MAGIC, 0.0, 158.818359375, 0.0, 0.0, 0.0
2.9011359999999797, MOTION_MAGIC, 0.0, 158.818359375, 0.0, 0.0, 0.0
2.9396830000000023, MOTION_MAGIC, 0.0, 158.818359375, 0.0, 0.0, 0.0
3.000246000000004, MOTION_MAGIC, 0.0, 158.818359375, 0.0, 0.0, 0.0
3.021097999999995, MOTION_MAGIC, 0.0, 158.818359375, 0.0, 0.0, 0.0
3.0380239999999787, MOTION_MAGIC, 0.0, 158.818359375, 0.0, 0.0, 0.0
3.0615339999999946, MOTION_MAGIC, 0.0, 158.818359375, 0.0, 0.0, 0.0
3.08176499999999, MOTION_MAGIC, 0.0, 158.818359375, 0.0, 0.0, 0.0
3.1034589999999866, MOTION_MAGIC, 0.0, 158.818359375, 0.0, 0.0, 0.0
3.1407879999999864, MOTION_MAGIC, 0.0, 158.818359375, 0.0, 0.0, 0.0
3.1583579999999927, MOTION_MAGIC, 0.0, 158.818359375, 0.0, 0.0, 0.0
3.1816359999999975, MOTION_MAGIC, 0.0, 158.818359375, 0.0, 0.0, 0.0
3.1995239999999967, MOTION_MAGIC, 0.0, 158.818359375, 0.0, 0.0, 0.0
3.221254999999985, MOTION_MAGIC, 0.0, 158.818359375, 0.0, 0.0, 0.0
3.237938999999983, MOTION_MAGIC, 0.0, 158.818359375, 0.0, 0.0, 0.0
3.257128999999992, MOTION_MAGIC, 0.0, 158.818359375, 0.0, 0.0, 0.0
3.2793920000000014, MOTION_MAGIC, 0.0, 158.818359375, 0.0, 0.0, 0.0
3.3004310000000032, MOTION_MAGIC, 0.0, 158.818359375, 0.0, 0.0, 0.0
3.3178279999999916, MOTION_MAGIC, 0.0, 158.818359375, 0.0, 0.0, 0.0
3.336806999999993, MOTION_MAGIC, 0.0, 158.818359375, 0.0, 0.0, 0.0
3.3579249999999945, MOTION_MAGIC, 0.0, 158.818359375, 0.0, 0.0, 0.0
3.3801459999999963, MOTION_MAGIC, 0.0, 158.818359375, 0.0, 0.0, 0.0
3.3982369999999946, MOTION_MAGIC, 0.0, 158.818359375, 0.0, 0.0, 0.0
3.4196699999999964, MOTION_MAGIC, 0.0, 158.818359375, 0.0, 0.0, 0.0
3.4384709999999927, MOTION_MAGIC, 0.0, 158.818359375, 0.0, 0.0, 0.0
3.462615999999997, MOTION_MAGIC, 0.0, 158.818359375, 0.0, 0.0, 0.0
3.4807119999999827, MOTION_MAGIC, 0.0, 158.818359375, 0.0, 0.0, 0.0
3.5009859999999833, MOTION_MAGIC, 0.0, 158.818359375, 0.0, 0.0, 0.0
3.5183689999999785, MOTION_MAGIC, 0.0, 158.818359375, 0.0, 0.0, 0.0
3.5414590000000032, MOTION_MAGIC, 0.0, 158.818359375, 0.0, 0.0, 0.0
3.560686000000004, MOTION_MAGIC, 0.0, 158.818359375, 0.0, 0.0, 0.0
3.582864999999998, MOTION_MAGIC, 0.0, 158.818359375, 0.0, 0.0, 0.0
3.6029769999999814, MOTION_MAGIC, 0.0, 158.818359375, 0.0, 0.0, 0.0
3.6268739999999866, MOTION_MAGIC, 0.0, 158.818359375, 0.0, 0.0, 0.0
3.6610049999999887, MOTION_MAGIC, 0.0, 158.818359375, 0.0, 0.0, 0.0
3.68103499999998, MOTION_MAGIC, 0.0, 158.818359375, 0.0, 0.0, 0.0
3.7053980000000024, MOTION_MAGIC, 0.0, 158.818359375, 0.0, 0.0, 0.0
3.7405809999999917, MOTION_MAGIC, 0.0, 158.818359375, 0.0, 0.0, 0.0
3.762734999999992, MOTION_MAGIC, 0.0, 158.818359375, 0.0, 0.0, 0.0
3.786573000000004, MOTION_MAGIC, 0.0, 158.818359375, 0.0, 0.0, 0.0
3.8215260000000058, MOTION_MAGIC, 0.0, 158.818359375, 0.0, 0.0, 0.0
3.840247000000005, MOTION_MAGIC, 0.0, 158.818359375, 0.0, 0.0, 0.0
3.863011, MOTION_MAGIC, 0.0, 158.818359375, 0.0, 0.0, 0.0
3.901650999999987, MOTION_MAGIC, 0.0, 158.818359375, 0.0, 0.0, 0.0
3.925128000000001, MOTION_MAGIC, 0.0, 158.818359375, 0.0, 0.0, 0.0
3.95804099999998, MOTION_MAGIC, 0.0, 158.818359375, 0.0, 0.0, 0.0
3.9807919999999797, MOTION_MAGIC, 0.0, 158.818359375, 0.0, 0.0, 0.0
3.997275000000002, MOTION_MAGIC, 0.0, 158.818359375, 0.0, 0.0, 0.0
4.020335999999986, MOTION_MAGIC, 0.0, 158.818359375, 0.0, 0.0, 0.0
4.0383620000000064, MOTION_MAGIC, 0.0, 158.818359375, 0.0, 0.0, 0.0
4.060307999999992, MOTION_MAGIC, 0.0, 158.818359375, 0.0, 0.0, 0.0
4.079258999999979, MOTION_MAGIC, 0.0, 158.818359375, 0.0, 0.0, 0.0
4.101770999999985, MOTION_MAGIC, 0.0, 158.818359375, 0.0, 0.0, 0.0
4.122716999999994, MOTION_MAGIC, 0.0, 158.818359375, 0.0, 0.0, 0.0
4.158293999999984, MOTION_MAGIC, 0.0, 158.818359375, 0.0, 0.0, 0.0
4.179644999999994, MOTION_MAGIC, 0.0, 158.818359375, 0.0, 0.0, 0.0
4.200142999999997, MOTION_MAGIC, 0.0, 158.818359375, 0.0, 0.0, 0.0
4.221096999999986, MOTION_MAGIC, 0.0, 158.818359375, 0.0, 0.0, 0.0
4.242642999999987, MOTION_MAGIC, 0.0, 158.818359375, 0.0, 0.0, 0.0
4.278307999999981, MOTION_MAGIC, 0.0, 158.818359375, 0.0, 0.0, 0.0
4.300999999999988, MOTION_MAGIC, 0.0, 158.818359375, 0.0, 0.0, 0.0
4.3201799999999935, MOTION_MAGIC, 0.0, 158.818359375, 0.0, 0.0, 0.0
4.357134000000002, MOTION_MAGIC, 0.0, 158.818359375, 0.0, 0.0, 0.0
4.37881999999999, MOTION_MAGIC, 0.0, 158.818359375, 0.0, 0.0, 0.0
4.397644999999983, MOTION_MAGIC, 0.0, 158.818359375, 0.0, 0.0, 0.0
4.438348999999988, MOTION_MAGIC, 0.0, 158.818359375, 0.0, 0.0, 0.0
4.47793999999999, MOTION_MAGIC, 0.0, 158.818359375, 0.0, 0.0, 0.0
4.499204999999989, MOTION_MAGIC, 0.0, 158.818359375, 0.0, 0.0, 0.0
4.518866000000003, MOTION_MAGIC, 0.0, 158.818359375, 0.0, 0.0, 0.0
4.5378889999999785, MOTION_MAGIC, 0.0, 158.818359375, 0.0, 0.0, 0.0
4.558276000000006, MOTION_MAGIC, 0.0, 158.818359375, 0.0, 0.0, 0.0
4.579333999999989, MOTION_MAGIC, 0.0, 158.818359375, 0.0, 0.0, 0.0
4.5977709999999945, MOTION_MAGIC, 0.0, 158.818359375, 0.0, 0.0, 0.0
4.618093999999985, MOTION_MAGIC, 0.0, 158.818359375, 0.0, 0.0, 0.0
4.636662000000001, MOTION_MAGIC, 0.0, 158.818359375, 0.0, 0.0, 0.0
4.657666000000006, MOTION_MAGIC, 0.0, 158.818359375, 0.0, 0.0, 0.0
4.677119000000005, MOTION_MAGIC, 0.0, 158.818359375, 0.0, 0.0, 0.0
4.697851999999983, MOTION_MAGIC, 0.0, 158.818359375, 0.0, 0.0, 0.0
4.717105000000004, MOTION_MAGIC, 0.0, 158.818359375, 0.0, 0.0, 0.0
4.738432999999986, MOTION_MAGIC, 0.0, 158.818359375, 0.0, 0.0, 0.0
4.758043999999984, MOTION_MAGIC, 0.0, 158.818359375, 0.0, 0.0, 0.0
4.777945999999986, MOTION_MAGIC, 0.0, 158.818359375, 0.0, 0.0, 0.0
4.798727999999983, MOTION_MAGIC, 0.0, 158.818359375, 0.0, 0.0, 0.0
4.818156999999985, MOTION_MAGIC, 0.0, 158.818359375, 0.0, 0.0, 0.0
4.837704000000002, MOTION_MAGIC, 0.0, 158.818359375, 0.0, 0.0, 0.0
4.859161999999998, MOTION_MAGIC, 0.0, 158.818359375, 0.0, 0.0, 0.0
4.8781549999999925, MOTION_MAGIC, 0.0, 158.818359375, 0.0, 0.0, 0.0
4.899286999999987, MOTION_MAGIC, 0.0, 158.818359375, 0.0, 0.0, 0.0
4.917485999999997, MOTION_MAGIC, 0.0, 158.818359375, 0.0, 0.0, 0.0
4.938331000000005, MOTION_MAGIC, 0.0, 158.818359375, 0.0, 0.0, 0.0
4.958553999999992, MOTION_MAGIC, 0.0, 158.818359375, 0.0, 0.0, 0.0
4.979210999999992, MOTION_MAGIC, 0.0, 158.818359375, 0.0, 0.0, 0.0
4.998647000000005, MOTION_MAGIC, 0.0, 158.818359375, 0.0, 0.0, 0.0
5.021905000000004, MOTION_MAGIC, 0.0, 158.818359375, 0.0, 0.0, 0.0
5.041518999999994, MOTION_MAGIC, 0.0, 158.818359375, 0.0, 0.0, 0.0
5.078295999999995, MOTION_MAGIC, 0.0, 158.818359375, 0.0, 0.0, 0.0
5.0984320000000025, MOTION_MAGIC, 0.0, 158.818359375, 0.0, 0.0, 0.0
5.117941000000002, MOTION_MAGIC, 0.0, 158.818359375, 0.0, 0.0, 0.0
5.139657999999997, MOTION_MAGIC, 0.0, 158.818359375, 0.0, 0.0, 0.0
5.157961999999998, MOTION_MAGIC, 0.0, 158.818359375, 0.0, 0.0, 0.0
5.180166999999983, MOTION_MAGIC, 0.0, 158.818359375, 0.0, 0.0, 0.0
5.1989480000000015, MOTION_MAGIC, 0.0, 158.818359375, 0.0, 0.0, 0.0
5.220429999999993, MOTION_MAGIC, 0.0, 158.818359375, 0.0, 0.0, 0.0
5.239938999999993, MOTION_MAGIC, 0.0, 158.818359375, 0.0, 0.0, 0.0
5.277737000000002, MOTION_MAGIC, 0.0, 158.818359375, 0.0, 0.0, 0.0
5.297730999999999, MOTION_MAGIC, 0.0, 158.818359375, 0.0, 0.0, 0.0
5.316839999999985, MOTION_MAGIC, 0.0, 158.818359375, 0.0, 0.0, 0.0
5.341104999999999, MOTION_MAGIC, 0.0, 158.818359375, 0.0, 0.0, 0.0
5.3606069999999875, MOTION_MAGIC, 0.0, 158.818359375, 0.0, 0.0, 0.0
5.396236999999985, MOTION_MAGIC, 0.0, 158.818359375, 0.0, 0.0, 0.0
5.416928999999982, MOTION_MAGIC, 0.0, 158.818359375, 0.0, 0.0, 0.0
5.4370119999999815, MOTION_MAGIC, 0.0, 158.818359375, 0.0, 0.0, 0.0
5.4576040000000035, MOTION_MAGIC, 0.0, 158.818359375, 0.0, 0.0, 0.0
5.478136000000006, MOTION_MAGIC, 0.0, 158.818359375, 0.0, 0.0, 0.0
5.497831999999988, MOTION_MAGIC, 0.0, 158.818359375, 0.0, 0.0, 0.0
5.516683999999998, MOTION_MAGIC, 0.0, 158.818359375, 0.0, 0.0, 0.0
5.537850999999989, MOTION_MAGIC, 0.0, 158.818359375, 0.0, 0.0, 0.0
5.557059999999979, MOTION_MAGIC, 0.0, 158.818359375, 0.0, 0.0, 0.0
5.579553000000004, MOTION_MAGIC, 0.0, 158.818359375, 0.0, 0.0, 0.0
5.598521000000005, MOTION_MAGIC, 0.0, 158.818359375, 0.0, 0.0, 0.0
5.61945799999998, MOTION_MAGIC, 0.0, 158.818359375, 0.0, 0.0, 0.0
5.63865899999999, MOTION_MAGIC, 0.0, 158.818359375, 0.0, 0.0, 0.0
5.661133000000007, MOTION_MAGIC, 0.0, 158.818359375, 0.0, 0.0, 0.0
5.69870499999999, MOTION_MAGIC, 0.0, 158.818359375, 0.0, 0.0, 0.0
5.719213999999994, MOTION_MAGIC, 0.0, 158.818359375, 0.0, 0.0, 0.0
5.758343999999994, MOTION_MAGIC, 0.0, 158.818359375, 0.0, 0.0, 0.0
5.77767399999999, MOTION_MAGIC, 0.0, 158.818359375, 0.0, 0.0, 0.0
5.796667999999983, MOTION_MAGIC, 0.0, 158.818359375, 0.0, 0.0, 0.0
5.817622, MOTION_MAGIC, 0.0, 158.818359375, 0.0, 0.0, 0.0
5.838214999999991, MOTION_MAGIC, 0.0, 158.818359375, 0.0, 0.0, 0.0
5.8622430000000065, MOTION_MAGIC, 0.0, 158.818359375, 0.0, 0.0, 0.0
5.882256999999981, MOTION_MAGIC, 0.0, 158.818359375, 0.0, 0.0, 0.0
5.91771, MOTION_MAGIC, 0.0, 158.818359375, 0.0, 0.0, 0.0
5.940315999999996, MOTION_MAGIC, 0.0, 158.818359375, 0.0, 0.0, 0.0
5.962582999999995, MOTION_MAGIC, 0.0, 158.818359375, 0.0, 0.0, 0.0
5.998571999999996, MOTION_MAGIC, 0.0, 158.818359375, 0.0, 0.0, 0.0
6.0230849999999805, MOTION_MAGIC, 0.0, 158.818359375, 0.0, 0.0, 0.0
6.042532999999992, MOTION_MAGIC, 0.0, 158.818359375, 0.0, 0.0, 0.0
6.078692999999987, MOTION_MAGIC, 0.0, 158.818359375, 0.0, 0.0, 0.0
6.1029439999999795, MOTION_MAGIC, 0.0, 158.818359375, 0.0, 0.0, 0.0
0.006097999999980175, MOTION_MAGIC, 0.0, 158.90625, 0.0, 0.0, 0.0
0.07954599999999346, MOTION_MAGIC, 0.0, 158.90625, 0.0, 0.0, 0.0
0.11941799999999603, MOTION_MAGIC, 0.0, 158.90625, 0.0, 0.0, 0.0
0.16035999999999717, MOTION_MAGIC, 0.0, 158.90625, 0.0, 0.0, 0.0
0.20257599999999343, MOTION_MAGIC, 0.0, 158.90625, 0.0, 0.0, 0.0
0.24643899999998098, MOTION_MAGIC, 0.0, 158.90625, 0.0, 0.0, 0.0
0.2982069999999908, MOTION_MAGIC, 0.0, 158.90625, 0.0, 0.0, 0.0
0.338673, MOTION_MAGIC, 0.0, 158.90625, 0.0, 0.0, 0.0
0.38455199999998513, MOTION_MAGIC, 0.0, 158.90625, 0.0, 0.0, 0.0
0.4344519999999932, MOTION_MAGIC, 0.0, 158.90625, 0.0, 0.0, 0.0
0.47934799999998745, MOTION_MAGIC, 0.0, 158.90625, 0.0, 0.0, 0.0
0.5271329999999921, MOTION_MAGIC, 0.0, 158.90625, 0.0, 0.0, 0.0
0.5883129999999994, MOTION_MAGIC, 0.0, 158.90625, 0.0, 0.0, 0.0
0.6281709999999805, MOTION_MAGIC, 0.0, 158.90625, 0.0, 0.0, 0.0
0.6673889999999858, MOTION_MAGIC, 0.0, 158.90625, 0.0, 0.0, 0.0
0.7098499999999888, MOTION_MAGIC, 0.0, 158.90625, 0.0, 0.0, 0.0
0.7631099999999833, MOTION_MAGIC, 0.0, 158.90625, 0.0, 0.0, 0.0
0.8110130000000026, MOTION_MAGIC, 0.0, 158.90625, 0.0, 0.0, 0.0
0.8428289999999947, MOTION_MAGIC, 0.0, 158.90625, 0.0, 0.0, 0.0
0.9040159999999844, MOTION_MAGIC, 0.0, 158.90625, 0.0, 0.0, 0.0
0.9477779999999996, MOTION_MAGIC, 0.0, 158.90625, 0.0, 0.0, 0.0
1.0039179999999988, MOTION_MAGIC, 0.0, 158.90625, 0.0, 0.0, 0.0
1.0631640000000004, MOTION_MAGIC, 0.0, 158.90625, 0.0, 0.0, 0.0
1.1052509999999813, MOTION_MAGIC, 0.0, 158.90625, 0.0, 0.0, 0.0
1.1476229999999816, MOTION_MAGIC, 0.0, 158.90625, 0.0, 0.0, 0.0
1.2072159999999883, MOTION_MAGIC, 0.0, 158.90625, 0.0, 0.0, 0.0
1.2443719999999985, MOTION_MAGIC, 0.0, 158.90625, 0.0, 0.0, 0.0
1.2990110000000072, MOTION_MAGIC, 0.0, 158.90625, 0.0, 0.0, 0.0
1.3409099999999796, MOTION_MAGIC, 0.0, 158.90625, 0.0, 0.0, 0.0
1.385469999999998, MOTION_MAGIC, 0.0, 158.90625, 0.0, 0.0, 0.0
1.424931999999984, MOTION_MAGIC, 0.0, 158.90625, 0.0, 0.0, 0.0
1.4679199999999923, MOTION_MAGIC, 0.0, 158.90625, 0.0, 0.0, 0.0
1.5193809999999814, MOTION_MAGIC, 0.0, 158.90625, 0.0, 0.0, 0.0
1.5495109999999954, MOTION_MAGIC, 0.0, 158.90625, 0.0, 0.0, 0.0
1.6002699999999948, MOTION_MAGIC, 0.0, 158.90625, 0.0, 0.0, 0.0
1.6396759999999801, MOTION_MAGIC, 0.0, 158.90625, 0.0, 0.0, 0.0
1.668785999999983, MOTION_MAGIC, 0.0, 158.90625, 0.0, 0.0, 0.0
1.7108220000000074, MOTION_MAGIC, 0.0, 158.90625, 0.0, 0.0, 0.0
1.7415259999999932, MOTION_MAGIC, 0.0, 158.90625, 0.0, 0.0, 0.0
1.7838930000000062, MOTION_MAGIC, 0.0, 158.90625, 0.0, 0.0, 0.0
1.8204269999999951, MOTION_MAGIC, 0.0, 158.90625, 0.0, 0.0, 0.0
1.864328999999998, MOTION_MAGIC, 0.0, 158.90625, 0.0, 0.0, 0.0
1.903129000000007, MOTION_MAGIC, 0.0, 158.90625, 0.0, 0.0, 0.0
1.942212999999981, MOTION_MAGIC, 0.0, 158.90625, 0.0, 0.0, 0.0
1.982186999999982, MOTION_MAGIC, 0.0, 158.90625, 0.0, 0.0, 0.0
2.0297979999999995, MOTION_MAGIC, 0.0, 158.90625, 0.0, 0.0, 0.0
2.064938999999981, MOTION_MAGIC, 0.0, 158.90625, 0.0, 0.0, 0.0
2.1024969999999996, MOTION_MAGIC, 0.0, 158.90625, 0.0, 0.0, 0.0
2.1415449999999794, MOTION_MAGIC, 0.0, 158.90625, 0.0, 0.0, 0.0
2.1807489999999916, MOTION_MAGIC, 0.0, 158.90625, 0.0, 0.0, 0.0
2.2209339999999997, MOTION_MAGIC, 0.0, 158.90625, 0.0, 0.0, 0.0
2.262135999999998, MOTION_MAGIC, 0.0, 158.90625, 0.0, 0.0, 0.0
2.301717999999994, MOTION_MAGIC, 0.0, 158.90625, 0.0, 0.0, 0.0
2.342517999999984, MOTION_MAGIC, 0.0, 158.90625, 0.0, 0.0, 0.0
2.3836169999999868, MOTION_MAGIC, 0.0, 158.90625, 0.0, 0.0, 0.0
2.4233619999999974, MOTION_MAGIC, 0.0, 158.90625, 0.0, 0.0, 0.0
2.462525999999997, MOTION_MAGIC, 0.0, 158.90625, 0.0, 0.0, 0.0
2.502683999999988, MOTION_MAGIC, 0.0, 158.90625, 0.0, 0.0, 0.0
2.5416469999999833, MOTION_MAGIC, 0.0, 158.90625, 0.0, 0.0, 0.0
2.581433000000004, MOTION_MAGIC, 0.0, 158.90625, 0.0, 0.0, 0.0
2.6205469999999877, MOTION_MAGIC, 0.0, 158.90625, 0.0, 0.0, 0.0
2.6605349999999817, MOTION_MAGIC, 0.0, 158.90625, 0.0, 0.0, 0.0
2.700344000000001, MOTION_MAGIC, 0.0, 158.90625, 0.0, 0.0, 0.0
2.7431489999999883, MOTION_MAGIC, 0.0, 158.90625, 0.0, 0.0, 0.0
2.7813899999999876, MOTION_MAGIC, 0.0, 158.90625, 0.0, 0.0, 0.0
2.820032999999995, MOTION_MAGIC, 0.0, 158.90625, 0.0, 0.0, 0.0
2.860367999999994, MOTION_MAGIC, 0.0, 158.90625, 0.0, 0.0, 0.0
2.8852190000000064, MOTION_MAGIC, 0.0, 158.90625, 0.0, 0.0, 0.0
2.9228049999999826, MOTION_MAGIC, 0.0, 158.90625, 0.0, 0.0, 0.0
2.963403999999997, MOTION_MAGIC, 0.0, 158.90625, 0.0, 0.0, 0.0
3.024394000000001, MOTION_MAGIC, 0.0, 158.90625, 0.0, 0.0, 0.0
3.06364099999999, MOTION_MAGIC, 0.0, 158.90625, 0.0, 0.0, 0.0
3.1162840000000074, MOTION_MAGIC, 0.0, 158.90625, 0.0, 0.0, 0.0
3.1577879999999823, MOTION_MAGIC, 0.0, 158.90625, 0.0, 0.0, 0.0
3.199311999999992, MOTION_MAGIC, 0.0, 158.90625, 0.0, 0.0, 0.0
3.2387099999999975, MOTION_MAGIC, 0.0, 158.90625, 0.0, 0.0, 0.0
3.2783609999999896, MOTION_MAGIC, 0.0, 158.90625, 0.0, 0.0, 0.0
3.319392999999991, MOTION_MAGIC, 0.0, 158.90625, 0.0, 0.0, 0.0
3.3591319999999882, MOTION_MAGIC, 0.0, 158.90625, 0.0, 0.0, 0.0
3.399907999999982, MOTION_MAGIC, 0.0, 158.90625, 0.0, 0.0, 0.0
3.4380859999999984, MOTION_MAGIC, 0.0, 158.90625, 0.0, 0.0, 0.0
3.481988000000001, MOTION_MAGIC, 0.0, 158.90625, 0.0, 0.0, 0.0
3.5214349999999968, MOTION_MAGIC, 0.0, 158.90625, 0.0, 0.0, 0.0
3.558799999999991, MOTION_MAGIC, 0.0, 158.90625, 0.0, 0.0, 0.0
3.5981909999999857, MOTION_MAGIC, 0.0, 158.90625, 0.0, 0.0, 0.0
3.637771999999984, MOTION_MAGIC, 0.0, 158.90625, 0.0, 0.0, 0.0
3.6776129999999796, MOTION_MAGIC, 0.0, 158.90625, 0.0, 0.0, 0.0
3.717611000000005, MOTION_MAGIC, 0.0, 158.90625, 0.0, 0.0, 0.0
3.7576589999999896, MOTION_MAGIC, 0.0, 158.90625, 0.0, 0.0, 0.0
3.7988359999999943, MOTION_MAGIC, 0.0, 158.90625, 0.0, 0.0, 0.0
3.837752999999992, MOTION_MAGIC, 0.0, 158.90625, 0.0, 0.0, 0.0
3.8787639999999897, MOTION_MAGIC, 0.0, 158.90625, 0.0, 0.0, 0.0
3.9202980000000025, MOTION_MAGIC, 0.0, 158.90625, 0.0, 0.0, 0.0
3.9594089999999937, MOTION_MAGIC, 0.0, 158.90625, 0.0, 0.0, 0.0
3.9992499999999893, MOTION_MAGIC, 0.0, 158.90625, 0.0, 0.0, 0.0
4.059021999999999, MOTION_MAGIC, 0.0, 158.90625, 0.0, 0.0, 0.0
4.099109999999996, MOTION_MAGIC, 0.0, 158.90625, 0.0, 0.0, 0.0
4.137474999999995, MOTION_MAGIC, 0.0, 158.90625, 0.0, 0.0, 0.0
4.1769060000000025, MOTION_MAGIC, 0.0, 158.90625, 0.0, 0.0, 0.0
4.238389999999981, MOTION_MAGIC, 0.0, 158.90625, 0.0, 0.0, 0.0
4.278399000000007, MOTION_MAGIC, 0.0, 158.90625, 0.0, 0.0, 0.0
4.316811000000001, MOTION_MAGIC, 0.0, 158.90625, 0.0, 0.0, 0.0
4.34529999999998, MOTION_MAGIC, 0.0, 158.90625, 0.0, 0.0, 0.0
4.402709999999985, MOTION_MAGIC, 0.0, 158.90625, 0.0, 0.0, 0.0
4.438317999999981, MOTION_MAGIC, 0.0, 158.90625, 0.0, 0.0, 0.0
4.478992000000005, MOTION_MAGIC, 0.0, 158.90625, 0.0, 0.0, 0.0
4.519474000000002, MOTION_MAGIC, 0.0, 158.90625, 0.0, 0.0, 0.0
4.565593000000007, MOTION_MAGIC, 0.0, 158.90625, 0.0, 0.0, 0.0
4.627443999999997, MOTION_MAGIC, 0.0, 158.90625, 0.0, 0.0, 0.0
4.69318899999999, MOTION_MAGIC, 0.0, 158.90625, 0.0, 0.0, 0.0
4.7378459999999905, MOTION_MAGIC, 0.0, 158.90625, 0.0, 0.0, 0.0
4.805362000000002, MOTION_MAGIC, 0.0, 158.90625, 0.0, 0.0, 0.0
4.8443010000000015, MOTION_MAGIC, 0.0, 158.90625, 0.0, 0.0, 0.0
4.888317000000001, MOTION_MAGIC, 0.0, 158.90625, 0.0, 0.0, 0.0
4.935745999999995, MOTION_MAGIC, 0.0, 158.90625, 0.0, 0.0, 0.0
4.963622999999984, MOTION_MAGIC, 0.0, 158.90625, 0.0, 0.0, 0.0
4.999081999999987, MOTION_MAGIC, 0.0, 158.90625, 0.0, 0.0, 0.0
5.059793999999982, MOTION_MAGIC, 0.0, 158.90625, 0.0, 0.0, 0.0
5.099427999999989, MOTION_MAGIC, 0.0, 158.90625, 0.0, 0.0, 0.0
5.137530999999996, MOTION_MAGIC, 0.0, 158.90625, 0.0, 0.0, 0.0
5.163941999999992, MOTION_MAGIC, 0.0, 158.90625, 0.0, 0.0, 0.0
5.204436999999984, MOTION_MAGIC, 0.0, 158.90625, 0.0, 0.0, 0.0
5.23665699999998, MOTION_MAGIC, 0.0, 158.90625, 0.0, 0.0, 0.0
5.277327999999983, MOTION_MAGIC, 0.0, 158.90625, 0.0, 0.0, 0.0
5.321212000000003, MOTION_MAGIC, 0.0, 158.90625, 0.0, 0.0, 0.0
5.359827999999993, MOTION_MAGIC, 0.0, 158.90625, 0.0, 0.0, 0.0
5.403404999999992, MOTION_MAGIC, 0.0, 158.90625, 0.0, 0.0, 0.0
5.441330999999991, MOTION_MAGIC, 0.0, 158.90625, 0.0, 0.0, 0.0
5.4637500000000045, MOTION_MAGIC, 0.0, 158.90625, 0.0, 0.0, 0.0
5.499246999999997, MOTION_MAGIC, 0.0, 158.90625, 0.0, 0.0, 0.0
5.523935999999992, MOTION_MAGIC, 0.0, 158.90625, 0.0, 0.0, 0.0
5.562115000000006, MOTION_MAGIC, 0.0, 158.90625, 0.0, 0.0, 0.0
5.601380000000006, MOTION_MAGIC, 0.0, 158.90625, 0.0, 0.0, 0.0
5.641749000000004, MOTION_MAGIC, 0.0, 158.90625, 0.0, 0.0, 0.0
5.700404999999989, MOTION_MAGIC, 0.0, 158.90625, 0.0, 0.0, 0.0
5.739145000000008, MOTION_MAGIC, 0.0, 158.90625, 0.0, 0.0, 0.0
5.77963699999998, MOTION_MAGIC, 0.0, 158.90625, 0.0, 0.0, 0.0
5.819324999999992, MOTION_MAGIC, 0.0, 158.90625, 0.0, 0.0, 0.0
5.8482429999999965, MOTION_MAGIC, 0.0, 158.90625, 0.0, 0.0, 0.0
5.886849999999981, MOTION_MAGIC, 0.0, 158.90625, 0.0, 0.0, 0.0
5.927098000000001, MOTION_MAGIC, 0.0, 158.90625, 0.0, 0.0, 0.0
5.960351000000003, MOTION_MAGIC, 0.0, 158.90625, 0.0, 0.0, 0.0
5.99995899999999, MOTION_MAGIC, 0.0, 158.90625, 0.0, 0.0, 0.0
6.049423999999988, MOTION_MAGIC, 0.0, 158.90625, 0.0, 0.0, 0.0
6.098839999999996, MOTION_MAGIC, 0.0, 158.90625, 0.0, 0.0, 0.0
6.151610000000005, MOTION_MAGIC, 0.0, 158.90625, 0.0, 0.0, 0.0
6.203364999999991, MOTION_MAGIC, 0.0, 158.90625, 0.0, 0.0, 0.0
6.243842999999998, MOTION_MAGIC, 0.0, 158.90625, 0.0, 0.0, 0.0
6.2818829999999934, MOTION_MAGIC, 0.0, 158.90625, 0.0, 0.0, 0.0
6.322754000000003, MOTION_MAGIC, 0.0, 158.90625, 0.0, 0.0, 0.0
6.361365000000006, MOTION_MAGIC, 0.0, 158.90625, 0.0, 0.0, 0.0
6.407502999999991, MOTION_MAGIC, 0.0, 158.90625, 0.0, 0.0, 0.0
6.4458259999999825, MOTION_MAGIC, 0.0, 158.90625, 0.0, 0.0, 0.0
6.485059000000007, MOTION_MAGIC, 0.0, 158.90625, 0.0, 0.0, 0.0
6.523505999999998, MOTION_MAGIC, 0.0, 158.90625, 0.0, 0.0, 0.0
6.562713000000002, MOTION_MAGIC, 0.0, 158.90625, 0.0, 0.0, 0.0
6.603275999999994, MOTION_MAGIC, 0.0, 158.90625, 0.0, 0.0, 0.0
6.642280999999997, MOTION_MAGIC, 0.0, 158.90625, 0.0, 0.0, 0.0
6.681268999999986, MOTION_MAGIC, 0.0, 158.90625, 0.0, 0.0, 0.0
6.7214620000000025, MOTION_MAGIC, 0.0, 158.90625, 0.0, 0.0, 0.0
6.761056999999994, MOTION_MAGIC, 0.0, 158.90625, 0.0, 0.0, 0.0
6.803455999999983, MOTION_MAGIC, 0.0, 158.90625, 0.0, 0.0, 0.0
6.840901000000002, MOTION_MAGIC, 0.0, 158.90625, 0.0, 0.0, 0.0
6.8929119999999955, MOTION_MAGIC, 0.0, 158.90625, 0.0, 0.0, 0.0
6.9194149999999865, MOTION_MAGIC, 0.0, 158.90625, 0.0, 0.0, 0.0
6.939731999999992, MOTION_MAGIC, 0.0, 158.90625, 0.0, 0.0, 0.0
6.959975999999983, MOTION_MAGIC, 0.0, 158.90625, 0.0, 0.0, 0.0
6.977857, MOTION_MAGIC, 0.0, 158.90625, 0.0, 0.0, 0.0
6.999714999999981, MOTION_MAGIC, 0.0, 158.90625, 0.0, 0.0, 0.0
7.040212999999994, MOTION_MAGIC, 0.0, 158.90625, 0.0, 0.0, 0.0
7.058987000000002, MOTION_MAGIC, 0.0, 158.90625, 0.0, 0.0, 0.0
7.078923000000003, MOTION_MAGIC, 0.0, 158.90625, 0.0, 0.0, 0.0
7.095495, MOTION_MAGIC, 0.0, 158.90625, 0.0, 0.0, 0.0
7.119011999999998, MOTION_MAGIC, 0.0, 158.90625, 0.0, 0.0, 0.0
7.157286999999997, MOTION_MAGIC, 0.0, 158.90625, 0.0, 0.0, 0.0
7.176827000000003, MOTION_MAGIC, 0.0, 158.90625, 0.0, 0.0, 0.0
7.216226000000006, MOTION_MAGIC, 0.0, 158.90625, 0.0, 0.0, 0.0
7.2418499999999995, MOTION_MAGIC, 0.0, 158.90625, 0.0, 0.0, 0.0
7.260696999999993, MOTION_MAGIC, 0.0, 158.90625, 0.0, 0.0, 0.0
7.296279999999996, MOTION_MAGIC, 0.0, 158.90625, 0.0, 0.0, 0.0
7.316847999999993, MOTION_MAGIC, 0.0, 158.90625, 0.0, 0.0, 0.0
7.336422999999996, MOTION_MAGIC, 0.0, 158.90625, 0.0, 0.0, 0.0
7.3592490000000055, MOTION_MAGIC, 0.0, 158.90625, 0.0, 0.0, 0.0
7.379327999999987, MOTION_MAGIC, 0.0, 158.90625, 0.0, 0.0, 0.0
7.401431000000002, MOTION_MAGIC, 0.0, 158.90625, 0.0, 0.0, 0.0
7.421035999999987, MOTION_MAGIC, 0.0, 158.90625, 0.0, 0.0, 0.0
7.4565609999999936, MOTION_MAGIC, 0.0, 158.90625, 0.0, 0.0, 0.0
7.4773119999999835, MOTION_MAGIC, 0.0, 158.90625, 0.0, 0.0, 0.0
7.497927000000004, MOTION_MAGIC, 0.0, 158.90625, 0.0, 0.0, 0.0
7.518252999999987, MOTION_MAGIC, 0.0, 158.90625, 0.0, 0.0, 0.0
7.53594099999998, MOTION_MAGIC, 0.0, 158.90625, 0.0, 0.0, 0.0
7.556253999999996, MOTION_MAGIC, 0.0, 158.90625, 0.0, 0.0, 0.0
7.577865000000003, MOTION_MAGIC, 0.0, 158.90625, 0.0, 0.0, 0.0
7.598172000000005, MOTION_MAGIC, 0.0, 158.90625, 0.0, 0.0, 0.0
7.617624000000006, MOTION_MAGIC, 0.0, 158.90625, 0.0, 0.0, 0.0
7.637823999999995, MOTION_MAGIC, 0.0, 158.90625, 0.0, 0.0, 0.0
7.656603999999987, MOTION_MAGIC, 0.0, 158.90625, 0.0, 0.0, 0.0
7.679091, MOTION_MAGIC, 0.0, 158.90625, 0.0, 0.0, 0.0
7.696342999999985, MOTION_MAGIC, 0.0, 158.90625, 0.0, 0.0, 0.0
7.7159910000000025, MOTION_MAGIC, 0.0, 158.90625, 0.0, 0.0, 0.0
7.737094999999982, MOTION_MAGIC, 0.0, 158.90625, 0.0, 0.0, 0.0
7.758218999999997, MOTION_MAGIC, 0.0, 158.90625, 0.0, 0.0, 0.0
7.77718999999999, MOTION_MAGIC, 0.0, 158.90625, 0.0, 0.0, 0.0
7.801222999999993, MOTION_MAGIC, 0.0, 158.90625, 0.0, 0.0, 0.0
7.820876999999996, MOTION_MAGIC, 0.0, 158.90625, 0.0, 0.0, 0.0
7.856277000000006, MOTION_MAGIC, 0.0, 158.90625, 0.0, 0.0, 0.0
7.875164999999981, MOTION_MAGIC, 0.0, 158.90625, 0.0, 0.0, 0.0
7.895416999999981, MOTION_MAGIC, 0.0, 158.90625, 0.0, 0.0, 0.0
7.916888, MOTION_MAGIC, 0.0, 158.90625, 0.0, 0.0, 0.0
7.936565999999999, MOTION_MAGIC, 0.0, 158.90625, 0.0, 0.0, 0.0
7.957186000000007, MOTION_MAGIC, 0.0, 158.90625, 0.0, 0.0, 0.0
7.978245999999984, MOTION_MAGIC, 0.0, 158.90625, 0.0, 0.0, 0.0
7.999566999999985, MOTION_MAGIC, 0.0, 158.90625, 0.0, 0.0, 0.0
8.016077999999993, MOTION_MAGIC, 0.0, 158.90625, 0.0, 0.0, 0.0
8.037532999999996, MOTION_MAGIC, 0.0, 158.90625, 0.0, 0.0, 0.0
8.056421999999998, MOTION_MAGIC, 0.0, 158.90625, 0.0, 0.0, 0.0
8.081513000000001, MOTION_MAGIC, 0.0, 158.90625, 0.0, 0.0, 0.0
8.101096999999982, MOTION_MAGIC, 0.0, 158.90625, 0.0, 0.0, 0.0
8.137439999999998, MOTION_MAGIC, 0.0, 158.90625, 0.0, 0.0, 0.0
8.17713999999998, MOTION_MAGIC, 0.0, 158.90625, 0.0, 0.0, 0.0
8.200441999999981, MOTION_MAGIC, 0.0, 158.90625, 0.0, 0.0, 0.0
8.221463, MOTION_MAGIC, 0.0, 158.90625, 0.0, 0.0, 0.0
8.25639799999999, MOTION_MAGIC, 0.0, 158.90625, 0.0, 0.0, 0.0
8.278654999999986, MOTION_MAGIC, 0.0, 158.90625, 0.0, 0.0, 0.0
8.30052999999998, MOTION_MAGIC, 0.0, 158.90625, 0.0, 0.0, 0.0
8.335791, MOTION_MAGIC, 0.0, 158.90625, 0.0, 0.0, 0.0
8.356886000000003, MOTION_MAGIC, 0.0, 158.90625, 0.0, 0.0, 0.0
8.37633599999998, MOTION_MAGIC, 0.0, 158.90625, 0.0, 0.0, 0.0
8.39841899999999, MOTION_MAGIC, 0.0, 158.90625, 0.0, 0.0, 0.0
8.436957000000007, MOTION_MAGIC, 0.0, 158.90625, 0.0, 0.0, 0.0
8.456210999999996, MOTION_MAGIC, 0.0, 158.90625, 0.0, 0.0, 0.0
8.477068000000003, MOTION_MAGIC, 0.0, 158.90625, 0.0, 0.0, 0.0
8.497645000000006, MOTION_MAGIC, 0.0, 158.90625, 0.0, 0.0, 0.0
8.516891999999984, MOTION_MAGIC, 0.0, 158.90625, 0.0, 0.0, 0.0
8.536716999999982, MOTION_MAGIC, 0.0, 158.90625, 0.0, 0.0, 0.0
8.558001999999988, MOTION_MAGIC, 0.0, 158.90625, 0.0, 0.0, 0.0
8.576755999999989, MOTION_MAGIC, 0.0, 158.90625, 0.0, 0.0, 0.0
8.597172999999998, MOTION_MAGIC, 0.0, 158.90625, 0.0, 0.0, 0.0
8.61791599999998, MOTION_MAGIC, 0.0, 158.90625, 0.0, 0.0, 0.0
8.640828999999997, MOTION_MAGIC, 0.0, 158.90625, 0.0, 0.0, 0.0
8.657556, MOTION_MAGIC, 0.0, 158.90625, 0.0, 0.0, 0.0
8.680385999999999, MOTION_MAGIC, 0.0, 158.90625, 0.0, 0.0, 0.0
8.698133999999982, MOTION_MAGIC, 0.0, 158.90625, 0.0, 0.0, 0.0
8.722480999999988, MOTION_MAGIC, 0.0, 158.90625, 0.0, 0.0, 0.0
8.740942999999987, MOTION_MAGIC, 0.0, 158.90625, 0.0, 0.0, 0.0
8.762100000000004, MOTION_MAGIC, 0.0, 158.90625, 0.0, 0.0, 0.0
8.781127999999995, MOTION_MAGIC, 0.0, 158.90625, 0.0, 0.0, 0.0
8.815672000000006, MOTION_MAGIC, 0.0, 158.90625, 0.0, 0.0, 0.0
8.836500000000001, MOTION_MAGIC, 0.0, 158.90625, 0.0, 0.0, 0.0
8.856263999999982, MOTION_MAGIC, 0.0, 158.90625, 0.0, 0.0, 0.0
8.875940999999983, MOTION_MAGIC, 0.0, 158.90625, 0.0, 0.0, 0.0
8.896924999999982, MOTION_MAGIC, 0.0, 158.90625, 0.0, 0.0, 0.0
8.916814999999986, MOTION_MAGIC, 0.0, 158.90625, 0.0, 0.0, 0.0
8.936409999999995, MOTION_MAGIC, 0.0, 158.90625, 0.0, 0.0, 0.0
8.956699999999984, MOTION_MAGIC, 0.0, 158.90625, 0.0, 0.0, 0.0
8.976479999999981, MOTION_MAGIC, 0.0, 158.90625, 0.0, 0.0, 0.0
8.997066999999987, MOTION_MAGIC, 0.0, 158.90625, 0.0, 0.0, 0.0
9.016400000000004, MOTION_MAGIC, 0.0, 158.90625, 0.0, 0.0, 0.0
9.037070999999997, MOTION_MAGIC, 0.0, 158.90625, 0.0, 0.0, 0.0
9.056580999999994, MOTION_MAGIC, 0.0, 158.90625, 0.0, 0.0, 0.0
9.079165999999987, MOTION_MAGIC, 0.0, 158.90625, 0.0, 0.0, 0.0
9.099385999999981, MOTION_MAGIC, 0.0, 158.90625, 0.0, 0.0, 0.0
9.136183999999986, MOTION_MAGIC, 0.0, 158.90625, 0.0, 0.0, 0.0
9.155978000000005, MOTION_MAGIC, 0.0, 158.90625, 0.0, 0.0, 0.0
9.175888999999984, MOTION_MAGIC, 0.0, 158.90625, 0.0, 0.0, 0.0
9.196517, MOTION_MAGIC, 0.0, 158.90625, 0.0, 0.0, 0.0
9.216291999999981, MOTION_MAGIC, 0.0, 158.90625, 0.0, 0.0, 0.0
9.246341999999999, MOTION_MAGIC, 0.0, 158.90625, 0.0, 0.0, 0.0
9.277652999999987, MOTION_MAGIC, 0.0, 158.90625, 0.0, 0.0, 0.0
9.297072999999983, MOTION_MAGIC, 0.0, 158.90625, 0.0, 0.0, 0.0
9.328502999999984, MOTION_MAGIC, 0.0, 158.90625, 0.0, 0.0, 0.0
9.356762000000003, MOTION_MAGIC, 0.0, 158.90625, 0.0, 0.0, 0.0
9.375560000000007, MOTION_MAGIC, 0.0, 158.90625, 0.0, 0.0, 0.0
9.396019999999993, MOTION_MAGIC, 0.0, 158.90625, 0.0, 0.0, 0.0
9.417066000000005, MOTION_MAGIC, 0.0, 158.90625, 0.0, 0.0, 0.0
9.435633999999993, MOTION_MAGIC, 0.0, 158.90625, 0.0, 0.0, 0.0
9.456391999999994, MOTION_MAGIC, 0.0, 158.90625, 0.0, 0.0, 0.0
9.476397999999989, MOTION_MAGIC, 0.0, 158.90625, 0.0, 0.0, 0.0
9.496320999999995, MOTION_MAGIC, 0.0, 158.90625, 0.0, 0.0, 0.0
9.51550899999998, MOTION_MAGIC, 0.0, 158.90625, 0.0, 0.0, 0.0
9.536185999999987, MOTION_MAGIC, 0.0, 158.90625, 0.0, 0.0, 0.0
9.556527999999986, MOTION_MAGIC, 0.0, 158.90625, 0.0, 0.0, 0.0
9.576054, MOTION_MAGIC, 0.0, 158.90625, 0.0, 0.0, 0.0
9.596354999999988, MOTION_MAGIC, 0.0, 158.90625, 0.0, 0.0, 0.0
9.616487000000006, MOTION_MAGIC, 0.0, 158.90625, 0.0, 0.0, 0.0
9.636359999999996, MOTION_MAGIC, 0.0, 158.90625, 0.0, 0.0, 0.0
9.65661, MOTION_MAGIC, 0.0, 158.90625, 0.0, 0.0, 0.0
9.67578499999999, MOTION_MAGIC, 0.0, 158.90625, 0.0, 0.0, 0.0
9.695862000000005, MOTION_MAGIC, 0.0, 158.90625, 0.0, 0.0, 0.0
9.716716999999989, MOTION_MAGIC, 0.0, 158.90625, 0.0, 0.0, 0.0
9.735476000000006, MOTION_MAGIC, 0.0, 158.90625, 0.0, 0.0, 0.0
9.756242999999984, MOTION_MAGIC, 0.0, 158.90625, 0.0, 0.0, 0.0
9.776558999999992, MOTION_MAGIC, 0.0, 158.90625, 0.0, 0.0, 0.0
9.79592599999998, MOTION_MAGIC, 0.0, 158.90625, 0.0, 0.0, 0.0
9.818760999999995, MOTION_MAGIC, 0.0, 158.90625, 0.0, 0.0, 0.0
9.837706999999995, MOTION_MAGIC, 0.0, 158.90625, 0.0, 0.0, 0.0
9.855951000000005, MOTION_MAGIC, 0.0, 158.90625, 0.0, 0.0, 0.0
9.878743999999983, MOTION_MAGIC, 0.0, 158.90625, 0.0, 0.0, 0.0
9.900672999999983, MOTION_MAGIC, 0.0, 158.90625, 0.0, 0.0, 0.0
9.92021299999999, MOTION_MAGIC, 0.0, 158.90625, 0.0, 0.0, 0.0
9.941956000000005, MOTION_MAGIC, 0.0, 158.90625, 0.0, 0.0, 0.0
9.961938000000004, MOTION_MAGIC, 0.0, 158.90625, 0.0, 0.0, 0.0
9.996543000000003, MOTION_MAGIC, 0.0, 158.90625, 0.0, 0.0, 0.0
10.019475999999997, MOTION_MAGIC, 0.0, 158.90625, 0.0, 0.0, 0.0
10.038274000000001, MOTION_MAGIC, 0.0, 158.90625, 0.0, 0.0, 0.0
10.058606999999995, MOTION_MAGIC, 0.0, 158.90625, 0.0, 0.0, 0.0
10.077549000000005, MOTION_MAGIC, 0.0, 158.90625, 0.0, 0.0, 0.0
10.094897000000003, MOTION_MAGIC, 0.0, 158.90625, 0.0, 0.0, 0.0
10.115860999999995, MOTION_MAGIC, 0.0, 158.90625, 0.0, 0.0, 0.0
10.135843999999992, MOTION_MAGIC, 0.0, 158.90625, 0.0, 0.0, 0.0
10.157355999999993, MOTION_MAGIC, 0.0, 158.90625, 0.0, 0.0, 0.0
10.178830000000005, MOTION_MAGIC, 0.0, 158.90625, 0.0, 0.0, 0.0
10.195799999999991, MOTION_MAGIC, 0.0, 158.90625, 0.0, 0.0, 0.0
10.215828999999985, MOTION_MAGIC, 0.0, 158.90625, 0.0, 0.0, 0.0
10.235365000000002, MOTION_MAGIC, 0.0, 158.90625, 0.0, 0.0, 0.0
10.25541899999999, MOTION_MAGIC, 0.0, 158.90625, 0.0, 0.0, 0.0
10.275871999999993, MOTION_MAGIC, 0.0, 158.90625, 0.0, 0.0, 0.0
10.295988999999992, MOTION_MAGIC, 0.0, 158.90625, 0.0, 0.0, 0.0
10.315933000000001, MOTION_MAGIC, 0.0, 158.90625, 0.0, 0.0, 0.0
10.358135000000004, MOTION_MAGIC, 0.0, 158.90625, 0.0, 0.0, 0.0
10.385351999999983, MOTION_MAGIC, 0.0, 158.90625, 0.0, 0.0, 0.0
10.418545999999992, MOTION_MAGIC, 0.0, 158.90625, 0.0, 0.0, 0.0
10.43627699999999, MOTION_MAGIC, 0.0, 158.90625, 0.0, 0.0, 0.0
10.45664499999998, MOTION_MAGIC, 0.0, 158.90625, 0.0, 0.0, 0.0
10.475870999999984, MOTION_MAGIC, 0.0, 158.90625, 0.0, 0.0, 0.0
10.496010999999982, MOTION_MAGIC, 0.0, 158.90625, 0.0, 0.0, 0.0
10.51716399999998, MOTION_MAGIC, 0.0, 158.90625, 0.0, 0.0, 0.0
10.535319999999984, MOTION_MAGIC, 0.0, 158.90625, 0.0, 0.0, 0.0
10.555548999999985, MOTION_MAGIC, 0.0, 158.90625, 0.0, 0.0, 0.0
10.575648000000001, MOTION_MAGIC, 0.0, 158.90625, 0.0, 0.0, 0.0
10.595576999999992, MOTION_MAGIC, 0.0, 158.90625, 0.0, 0.0, 0.0
10.618880999999988, MOTION_MAGIC, 0.0, 158.90625, 0.0, 0.0, 0.0
10.635653999999988, MOTION_MAGIC, 0.0, 158.90625, 0.0, 0.0, 0.0
10.659086000000002, MOTION_MAGIC, 0.0, 158.90625, 0.0, 0.0, 0.0
10.675587000000007, MOTION_MAGIC, 0.0, 158.90625, 0.0, 0.0, 0.0
10.698997999999989, MOTION_MAGIC, 0.0, 158.90625, 0.0, 0.0, 0.0
10.715524999999985, MOTION_MAGIC, 0.0, 158.90625, 0.0, 0.0, 0.0
10.739356999999984, MOTION_MAGIC, 0.0, 158.90625, 0.0, 0.0, 0.0
10.756331999999986, MOTION_MAGIC, 0.0, 158.90625, 0.0, 0.0, 0.0
10.77785799999998, MOTION_MAGIC, 0.0, 158.90625, 0.0, 0.0, 0.0
10.795859000000007, MOTION_MAGIC, 0.0, 158.90625, 0.0, 0.0, 0.0
10.818043999999986, MOTION_MAGIC, 0.0, 158.90625, 0.0, 0.0, 0.0
10.835871999999995, MOTION_MAGIC, 0.0, 158.90625, 0.0, 0.0, 0.0
10.859070000000003, MOTION_MAGIC, 0.0, 158.90625, 0.0, 0.0, 0.0
10.875095999999985, MOTION_MAGIC, 0.0, 158.90625, 0.0, 0.0, 0.0
10.898982999999987, MOTION_MAGIC, 0.0, 158.90625, 0.0, 0.0, 0.0
10.915761000000003, MOTION_MAGIC, 0.0, 158.90625, 0.0, 0.0, 0.0
10.938148999999981, MOTION_MAGIC, 0.0, 158.90625, 0.0, 0.0, 0.0
10.95638199999999, MOTION_MAGIC, 0.0, 158.90625, 0.0, 0.0, 0.0
10.978634999999997, MOTION_MAGIC, 0.0, 158.90625, 0.0, 0.0, 0.0
10.998007999999999, MOTION_MAGIC, 0.0, 158.90625, 0.0, 0.0, 0.0
11.021128000000004, MOTION_MAGIC, 0.0, 158.90625, 0.0, 0.0, 0.0
11.039852999999994, MOTION_MAGIC, 0.0, 158.90625, 0.0, 0.0, 0.0
11.059214999999995, MOTION_MAGIC, 0.0, 158.90625, 0.0, 0.0, 0.0
11.078596000000005, MOTION_MAGIC, 0.0, 158.90625, 0.0, 0.0, 0.0
11.099910999999992, MOTION_MAGIC, 0.0, 158.90625, 0.0, 0.0, 0.0
11.117593999999997, MOTION_MAGIC, 0.0, 158.90625, 0.0, 0.0, 0.0
11.139554000000004, MOTION_MAGIC, 0.0, 158.90625, 0.0, 0.0, 0.0
11.164704999999998, MOTION_MAGIC, 0.0, 158.90625, 0.0, 0.0, 0.0
11.197645999999992, MOTION_MAGIC, 0.0, 158.90625, 0.0, 0.0, 0.0
11.239660999999984, MOTION_MAGIC, 0.0, 158.90625, 0.0, 0.0, 0.0
11.258915000000002, MOTION_MAGIC, 0.0, 158.90625, 0.0, 0.0, 0.0
11.276285999999999, MOTION_MAGIC, 0.0, 158.90625, 0.0, 0.0, 0.0
11.299214000000006, MOTION_MAGIC, 0.0, 158.90625, 0.0, 0.0, 0.0
11.316059999999993, MOTION_MAGIC, 0.0, 158.90625, 0.0, 0.0, 0.0
11.340275999999989, MOTION_MAGIC, 0.0, 158.90625, 0.0, 0.0, 0.0
11.359279999999984, MOTION_MAGIC, 0.0, 158.90625, 0.0, 0.0, 0.0
11.381377999999984, MOTION_MAGIC, 0.0, 158.90625, 0.0, 0.0, 0.0
11.400574000000006, MOTION_MAGIC, 0.0, 158.90625, 0.0, 0.0, 0.0
11.421906000000007, MOTION_MAGIC, 0.0, 158.90625, 0.0, 0.0, 0.0
11.442036000000002, MOTION_MAGIC, 0.0, 158.90625, 0.0, 0.0, 0.0
11.465316999999999, MOTION_MAGIC, 0.0, 158.90625, 0.0, 0.0, 0.0
11.498980999999986, MOTION_MAGIC, 0.0, 158.90625, 0.0, 0.0, 0.0
11.517718000000002, MOTION_MAGIC, 0.0, 158.90625, 0.0, 0.0, 0.0
11.539040999999997, MOTION_MAGIC, 0.0, 158.90625, 0.0, 0.0, 0.0
11.557853999999992, MOTION_MAGIC, 0.0, 158.90625, 0.0, 0.0, 0.0
11.579106999999993, MOTION_MAGIC, 0.0, 158.90625, 0.0, 0.0, 0.0
11.597582999999986, MOTION_MAGIC, 0.0, 158.90625, 0.0, 0.0, 0.0
11.619301000000007, MOTION_MAGIC, 0.0, 158.90625, 0.0, 0.0, 0.0
11.637106999999986, MOTION_MAGIC, 0.0, 158.90625, 0.0, 0.0, 0.0
11.658589000000006, MOTION_MAGIC, 0.0, 158.90625, 0.0, 0.0, 0.0
11.67784499999999, MOTION_MAGIC, 0.0, 158.90625, 0.0, 0.0, 0.0
11.700361999999984, MOTION_MAGIC, 0.0, 158.90625, 0.0, 0.0, 0.0
11.717892000000006, MOTION_MAGIC, 0.0, 158.90625, 0.0, 0.0, 0.0
11.738675999999998, MOTION_MAGIC, 0.0, 158.90625, 0.0, 0.0, 0.0
11.755970999999988, MOTION_MAGIC, 0.0, 158.90625, 0.0, 0.0, 0.0
11.776922999999982, MOTION_MAGIC, 0.0, 158.90625, 0.0, 0.0, 0.0
11.799702999999994, MOTION_MAGIC, 0.0, 158.90625, 0.0, 0.0, 0.0
11.822770999999989, MOTION_MAGIC, 0.0, 158.90625, 0.0, 0.0, 0.0
11.856468000000007, MOTION_MAGIC, 0.0, 158.90625, 0.0, 0.0, 0.0
11.876929999999987, MOTION_MAGIC, 0.0, 158.90625, 0.0, 0.0, 0.0
11.896901999999983, MOTION_MAGIC, 0.0, 158.90625, 0.0, 0.0, 0.0
11.91637, MOTION_MAGIC, 0.0, 158.90625, 0.0, 0.0, 0.0
11.937177999999989, MOTION_MAGIC, 0.0, 158.90625, 0.0, 0.0, 0.0
11.954429000000005, MOTION_MAGIC, 0.0, 158.90625, 0.0, 0.0, 0.0
11.976836999999989, MOTION_MAGIC, 0.0, 158.90625, 0.0, 0.0, 0.0
11.995341999999994, MOTION_MAGIC, 0.0, 158.90625, 0.0, 0.0, 0.0
12.016282999999987, MOTION_MAGIC, 0.0, 158.90625, 0.0, 0.0, 0.0
12.037031999999982, MOTION_MAGIC, 0.0, 158.90625, 0.0, 0.0, 0.0
12.057150000000007, MOTION_MAGIC, 0.0, 158.90625, 0.0, 0.0, 0.0
12.079590999999994, MOTION_MAGIC, 0.0, 158.90625, 0.0, 0.0, 0.0
12.097724999999997, MOTION_MAGIC, 0.0, 158.90625, 0.0, 0.0, 0.0
12.115125000000006, MOTION_MAGIC, 0.0, 158.90625, 0.0, 0.0, 0.0
12.144889000000006, MOTION_MAGIC, 0.0, 158.90625, 0.0, 0.0, 0.0
12.185202000000004, MOTION_MAGIC, 0.0, 158.90625, 0.0, 0.0, 0.0
12.21442399999998, MOTION_MAGIC, 0.0, 158.90625, 0.0, 0.0, 0.0
12.235803000000004, MOTION_MAGIC, 0.0, 158.90625, 0.0, 0.0, 0.0
12.258853999999985, MOTION_MAGIC, 0.0, 158.90625, 0.0, 0.0, 0.0
12.278839000000005, MOTION_MAGIC, 0.0, 158.90625, 0.0, 0.0, 0.0
12.306695999999988, MOTION_MAGIC, 0.0, 158.90625, 0.0, 0.0, 0.0
12.346277999999984, MOTION_MAGIC, 0.0, 158.90625, 0.0, 0.0, 0.0
12.381740000000008, MOTION_MAGIC, 0.0, 158.90625, 0.0, 0.0, 0.0
12.40034799999998, MOTION_MAGIC, 0.0, 158.90625, 0.0, 0.0, 0.0
12.421159999999986, MOTION_MAGIC, 0.0, 158.90625, 0.0, 0.0, 0.0
12.441438000000005, MOTION_MAGIC, 0.0, 158.90625, 0.0, 0.0, 0.0
12.460699000000005, MOTION_MAGIC, 0.0, 158.90625, 0.0, 0.0, 0.0
12.476900999999998, MOTION_MAGIC, 0.0, 158.90625, 0.0, 0.0, 0.0
12.500686000000002, MOTION_MAGIC, 0.0, 158.90625, 0.0, 0.0, 0.0
12.537635999999992, MOTION_MAGIC, 0.0, 158.90625, 0.0, 0.0, 0.0
12.583560000000006, MOTION_MAGIC, 0.0, 158.90625, 0.0, 0.0, 0.0
12.69406699999999, MOTION_MAGIC, 0.0, 158.90625, 0.0, 0.0, 0.0
12.777738, MOTION_MAGIC, 0.0, 158.90625, 0.0, 0.0, 0.0
12.872201999999987, MOTION_MAGIC, 0.0, 158.90625, 0.0, 0.0, 0.0
12.930246