timestamp, controlMode, leftOutput, rightOutput, leftSetpoint, rightSetpoint, leftPosition, rightPosition, leftVelocity, rightVelocity, heading, desiredHeading, headingError, leftDesiredVel, leftDesiredPos, leftPosError, leftVelError, rightDesiredVel, rightDesiredPos, rightPosError, rightVelError, desiredX, desiredY, leftCurrent, rightCurrent
0.00804000000000027, OPEN_LOOP, 0.0, 0.0, 0.0, 0.0, 0.0, 0.0, 0.0, 0.0, 118.61000061035156, 0.0, 0.0, 0.0, 0.0, 0.0, 0.0, 0.0, 0.0, 0.0, 0.0, 0.0, 0.0, 0.125, 0.125
0.10565400000000036, OPEN_LOOP, 0.0, 0.0, 0.0078125, 0.007812182108561198, 0.0, 0.0, 0.0, 0.0, -0.009999999776482582, 0.0, 0.0, 0.0, 0.0, 0.0, 0.0, 0.0, 0.0, 0.0, 0.0, 0.0, 0.0, 0.25, 0.125
0.14781599999999973, OPEN_LOOP, 0.0, 0.0, 0.0078125, 0.007812182108561198, 0.0, 0.0, 0.0, 0.0, -0.009999999776482582, 0.0, 0.0, 0.0, 0.0, 0.0, 0.0, 0.0, 0.0, 0.0, 0.0, 0.0, 0.0, 0.25, 0.25
0.20018199999999986, OPEN_LOOP, 0.0, 0.0, 0.0078125, 0.007812182108561198, 0.0, 0.0, 0.0, 0.0, -0.009999999776482582, 0.0, 0.0, 0.0, 0.0, 0.0, 0.0, 0.0, 0.0, 0.0, 0.0, 0.0, 0.0, 0.25, 0.125
0.2387509999999997, OPEN_LOOP, 0.0, 0.0, 0.0078125, 0.007812182108561198, 0.0, 0.0, 0.0, 0.0, -0.009999999776482582, 0.0, 0.0, 0.0, 0.0, 0.0, 0.0, 0.0, 0.0, 0.0, 0.0, 0.0, 0.0, 0.25, 0.125
0.278848, OPEN_LOOP, 0.0, 0.0, 0.0078125, 0.007812182108561198, 0.0, 0.0, 0.0, 0.0, -0.009999999776482582, 0.0, 0.0, 0.0, 0.0, 0.0, 0.0, 0.0, 0.0, 0.0, 0.0, 0.0, 0.0, 0.25, 0.25
0.3392439999999999, OPEN_LOOP, 0.0, 0.0, 0.0078125, 0.007812182108561198, 0.0, 0.0, 0.0, 0.0, -0.009999999776482582, 0.0, 0.0, 0.0, 0.0, 0.0, 0.0, 0.0, 0.0, 0.0, 0.0, 0.0, 0.0, 0.25, 0.125
0.38126899999999964, OPEN_LOOP, 0.0, 0.0, 0.0078125, 0.007812182108561198, 0.0, 0.0, 0.0, 0.0, -0.009999999776482582, 0.0, 0.0, 0.0, 0.0, 0.0, 0.0, 0.0, 0.0, 0.0, 0.0, 0.0, 0.0, 0.25, 0.125
0.4193129999999998, OPEN_LOOP, 0.0, 0.0, 0.0078125, 0.007812182108561198, 0.0, 0.0, 0.0, 0.0, -0.009999999776482582, 0.0, 0.0, 0.0, 0.0, 0.0, 0.0, 0.0, 0.0, 0.0, 0.0, 0.0, 0.0, 0.25, 0.125
0.44632300000000047, OPEN_LOOP, 0.0, 0.0, 0.0078125, 0.007812182108561198, 0.0, 0.0, 0.0, 0.0, -0.009999999776482582, 0.0, 0.0, 0.0, 0.0, 0.0, 0.0, 0.0, 0.0, 0.0, 0.0, 0.0, 0.0, 0.25, 0.125
0.5017069999999997, OPEN_LOOP, 0.0, 0.0, 0.0078125, 0.007812182108561198, 0.0, 0.0, 0.0, 0.0, -0.019999999552965164, 0.0, 0.0, 0.0, 0.0, 0.0, 0.0, 0.0, 0.0, 0.0, 0.0, 0.0, 0.0, 0.25, 0.125
0.543812, OPEN_LOOP, 0.0, 0.0, 0.0078125, 0.007812182108561198, 0.0, 0.0, 0.0, 0.0, -0.019999999552965164, 0.0, 0.0, 0.0, 0.0, 0.0, 0.0, 0.0, 0.0, 0.0, 0.0, 0.0, 0.0, 0.25, 0.125
0.5846780000000003, OPEN_LOOP, 0.0, 0.0, 0.0078125, 0.007812182108561198, 0.0, 0.0, 0.0, 0.0, -0.019999999552965164, 0.0, 0.0, 0.0, 0.0, 0.0, 0.0, 0.0, 0.0, 0.0, 0.0, 0.0, 0.0, 0.25, 0.125
0.6244079999999999, OPEN_LOOP, 0.0, 0.0, 0.0078125, 0.007812182108561198, 0.0, 0.0, 0.0, 0.0, -0.019999999552965164, 0.0, 0.0, 0.0, 0.0, 0.0, 0.0, 0.0, 0.0, 0.0, 0.0, 0.0, 0.0, 0.25, 0.25
0.6646049999999999, OPEN_LOOP, 0.0, 0.0, 0.0078125, 0.007812182108561198, 0.0, 0.0, 0.0, 0.0, -0.019999999552965164, 0.0, 0.0, 0.0, 0.0, 0.0, 0.0, 0.0, 0.0, 0.0, 0.0, 0.0, 0.0, 0.25, 0.125
0.6999690000000003, OPEN_LOOP, 0.0, 0.0, 0.0078125, 0.007812182108561198, 0.0, 0.0, 0.0, 0.0, -0.019999999552965164, 0.0, 0.0, 0.0, 0.0, 0.0, 0.0, 0.0, 0.0, 0.0, 0.0, 0.0, 0.0, 0.25, 0.125
0.7371280000000002, OPEN_LOOP, 0.0, 0.0, 0.0078125, 0.007812182108561198, 0.0, 0.0, 0.0, 0.0, -0.019999999552965164, 0.0, 0.0, 0.0, 0.0, 0.0, 0.0, 0.0, 0.0, 0.0, 0.0, 0.0, 0.0, 0.25, 0.25
0.7786100000000005, OPEN_LOOP, 0.0, 0.0, 0.0078125, 0.007812182108561198, 0.0, 0.0, 0.0, 0.0, -0.019999999552965164, 0.0, 0.0, 0.0, 0.0, 0.0, 0.0, 0.0, 0.0, 0.0, 0.0, 0.0, 0.0, 0.25, 0.125
0.8593150000000005, OPEN_LOOP, 0.0, 0.0, 0.0078125, 0.0078125, 0.0, 0.0, 0.0, 0.0, -0.019999999552965164, 0.0, 0.0, 0.0, 0.0, 0.0, 0.0, 0.0, 0.0, 0.0, 0.0, 0.0, 0.0, 0.25, 0.125
0.8994929999999997, OPEN_LOOP, 0.0, 0.0, 0.007575239648194379, 0.0078125, 0.0, 0.0, 0.0, 0.0, -0.019999999552965164, 0.0, 0.0, 0.0, 0.0, 0.0, 0.0, 0.0, 0.0, 0.0, 0.0, 0.0, 0.0, 0.25, 0.125
0.9392339999999999, OPEN_LOOP, 0.5688172043010753, 0.0, 0.044976917185555035, 0.046875, 0.0, 0.0, 0.0, 0.0, -0.019999999552965164, 0.0, 0.0, 0.0, 0.0, 0.0, 0.0, 0.0, 0.0, 0.0, 0.0, 0.0, 0.0, 0.25, 0.125
1.000032, OPEN_LOOP, 0.5440860215053764, 0.5811827956989247, 0.043860915469072184, 0.046875, 0.0, 0.0, 0.0, 0.0, -0.019999999552965164, 0.0, 0.0, 0.0, 0.0, 0.0, 0.0, 0.0, 0.0, 0.0, 0.0, 0.0, 0.0, 0.375, 0.125
1.0387070000000005, OPEN_LOOP, 0.4946236559139785, 0.5811827956989247, 0.03973050285121897, 0.046875, 0.031945149907720585, 0.013690778531880249, 0.0, 0.0, -0.019999999552965164, 0.0, 0.0, 0.0, 0.0, 0.0, 0.0, 0.0, 0.0, 0.0, 0.0, 0.0, 0.0, 0.25, 0.125
1.0789420000000005, OPEN_LOOP, 0.0, 0.5811827956989247, 0.03038947450236923, 0.046875, 0.07758107834732142, 0.027381557063760498, 0.1369077853188025, 0.45635928439600837, -0.019999999552965164, 0.0, 0.0, 0.0, 0.0, 0.0, 0.0, 0.0, 0.0, 0.0, 0.0, 0.0, 0.0, 0.25, 0.25
1.1184080000000005, OPEN_LOOP, 0.0, 0.5811827956989247, 0.019151014775449737, 0.046875, 0.10039904256712183, 0.027381557063760498, 0.273815570637605, 0.8214467119128149, -0.029999999329447746, 0.0, 0.0, 0.0, 0.0, 0.0, 0.0, 0.0, 0.0, 0.0, 0.0, 0.0, 0.0, 0.25, 0.25
1.1434800000000003, OPEN_LOOP, 0.0, 0.5811827956989247, 0.006192506701192008, 0.046875, 0.11865341394296217, 0.027381557063760498, 0.22817964219800418, 0.8670826403524158, -0.029999999329447746, 0.0, 0.0, 0.0, 0.0, 0.0, 0.0, 0.0, 0.0, 0.0, 0.0, 0.0, 0.0, 0.25, 0.25
1.1789000000000005, OPEN_LOOP, 0.0, 0.5811827956989247, -0.038442377030341326, 0.08531737703034133, 0.11865341394296217, 0.027381557063760498, 0.09127185687920167, 0.6845389265940125, -0.029999999329447746, 0.0, 0.0, 0.0, 0.0, 0.0, 0.0, 0.0, 0.0, 0.0, 0.0, 0.0, 0.0, 0.375, 0.25
1.2180010000000001, OPEN_LOOP, -1.2193548387096773, 1.4220430107526882, -0.09599412421045975, 0.14286912421045975, 0.17341652807048316, 0.031945149907720585, 0.0, 0.5019952128356091, -0.029999999329447746, 0.0, 0.0, 0.0, 0.0, 0.0, 0.0, 0.0, 0.0, 0.0, 0.0, 0.0, 0.0, 0.375, 0.875
1.243856, OPEN_LOOP, -1.5149560117302052, 1.817741935483871, -0.11976050201238542, 0.16663550201238542, 0.20536167797820373, 0.031945149907720585, 0.0, 0.5932670697148108, -0.05999999865889549, 0.0, 0.0, 0.0, 0.0, 0.0, 0.0, 0.0, 0.0, 0.0, 0.0, 0.0, 0.0, 0.5, 1.5
1.2791519999999998, OPEN_LOOP, -1.5272727272727273, 2.139247311827957, -0.11976050201238542, 0.16663550201238542, 0.2692519777936449, -0.12321700678692225, -0.45635928439600837, 0.9583544972316174, -0.14000000059604645, 0.0, 0.0, 0.0, 0.0, 0.0, 0.0, 0.0, 0.0, 0.0, 0.0, 0.0, 0.0, 0.875, 2.25
1.3187090000000001, OPEN_LOOP, -1.5395894428152492, 2.163978494623656, -0.11976050201238542, 0.16663550201238542, 0.3377058704530462, -0.15059856385068274, -1.5059856385068273, 1.5516215669464284, -0.46000000834465027, 0.0, 0.0, 0.0, 0.0, 0.0, 0.0, 0.0, 0.0, 0.0, 0.0, 0.0, 0.0, 1.25, 2.5
1.3593950000000001, OPEN_LOOP, -1.7982404692082112, 2.3515151515151516, -0.16013574291513066, 0.20701074291513066, 0.4015961702684873, -0.1688529352265231, -1.7798012091444324, 1.688529352265231, -0.6800000071525574, 0.0, 0.0, 0.0, 0.0, 0.0, 0.0, 0.0, 0.0, 0.0, 0.0, 0.0, 0.0, 1.625, 2.875
1.398002, OPEN_LOOP, -2.023704789833822, 2.6424242424242426, -0.16013574291513066, 0.20701074291513066, 0.4609228772399684, -0.17798012091444324, -1.09526228255042, 1.6428934238256299, -0.7400000095367432, 0.0, 0.0, 0.0, 0.0, 0.0, 0.0, 0.0, 0.0, 0.0, 0.0, 0.0, 0.0, 2.25, 3.5
1.422383, OPEN_LOOP, -2.0356793743890518, 2.6303030303030304, -0.1825642115860042, 0.2294392115860042, 0.492868027147689, -0.1871073066023634, -0.5019952128356091, 1.5516215669464284, -0.8299999833106995, 0.0, 0.0, 0.0, 0.0, 0.0, 0.0, 0.0, 0.0, 0.0, 0.0, 0.0, 0.0, 2.625, 3.75
1.459847, OPEN_LOOP, -2.3110948191593352, 2.9333333333333336, -0.1825642115860042, 0.2294392115860042, 0.5932670697148108, -0.20992527082216383, -0.3650874275168067, 1.597257495386029, -1.0700000524520874, 0.0, 0.0, 0.0, 0.0, 0.0, 0.0, 0.0, 0.0, 0.0, 0.0, 0.0, 0.0, 3.125, 4.375
1.4985970000000002, OPEN_LOOP, -2.3350439882697946, 2.957575757575758, -0.1825642115860042, 0.2294392115860042, 0.7164840765017331, -0.2464340135738445, -0.45635928439600837, 2.0536167797820375, -1.3300000429153442, 0.0, 0.0, 0.0, 0.0, 0.0, 0.0, 0.0, 0.0, 0.0, 0.0, 0.0, 0.0, 3.5, 4.875
1.5995949999999999, OPEN_LOOP, -2.3255131964809386, 2.8979472140762463, -0.1825642115860042, 0.2294392115860042, 1.2732424034648633, -0.4609228772399684, -1.597257495386029, 4.746136557718486, -3.069999933242798, 0.0, 0.0, 0.0, 0.0, 0.0, 0.0, 0.0, 0.0, 0.0, 0.0, 0.0, 0.0, 3.125, 4.25
1.6389550000000002, OPEN_LOOP, -0.6439882697947215, 2.0903225806451613, -0.05101130919267198, 0.09788630919267198, 1.5607487526343484, -0.5567583269631301, -2.19052456510084, 5.795762911829305, -4.199999809265137, 0.0, 0.0, 0.0, 0.0, 0.0, 0.0, 0.0, 0.0, 0.0, 0.0, 0.0, 0.0, 1.875, 3.625
1.678897, OPEN_LOOP, 0.0, 0.5700879765395894, 0.037179221742697804, 0.046875, 1.802619173364233, -0.5841398840268907, -2.236160493540441, 6.480301838423318, -4.989999771118164, 0.0, 0.0, 0.0, 0.0, 0.0, 0.0, 0.0, 0.0, 0.0, 0.0, 0.0, 0.0, 0.5, 1.25
1.7187779999999995, OPEN_LOOP, 0.5765884652981428, 0.5742913000977518, 0.0463126051807082, 0.046875, 1.9942900728105564, -0.5613219198070902, -1.4147137816276258, 6.160850339346112, -5.889999866485596, 0.0, 0.0, 0.0, 0.0, 0.0, 0.0, 0.0, 0.0, 0.0, 0.0, 0.0, 0.0, 0.375, 0.125
1.7594970000000005, OPEN_LOOP, 0.5765884652981428, 0.5742913000977518, 0.04683431750439151, 0.046875, 2.0946891153776783, -0.4426685058641281, 0.1369077853188025, 4.746136557718486, -6.230000019073486, 0.0, 0.0, 0.0, 0.0, 0.0, 0.0, 0.0, 0.0, 0.0, 0.0, 0.0, 0.0, 0.375, 0.125
1.7975959999999995, OPEN_LOOP, 0.5765884652981428, 0.5742913000977518, 0.046875, 0.01171875, 2.149452229505199, -0.27837916348156505, 1.8254371375840335, 3.057607205453256, -6.059999942779541, 0.0, 0.0, 0.0, 0.0, 0.0, 0.0, 0.0, 0.0, 0.0, 0.0, 0.0, 0.0, 0.375, 0.125
1.8389689999999996, OPEN_LOOP, 0.907820136852395, 0.0, 0.07215531667073567, -0.009655316670735672, 2.1677066008810395, -0.10496263541108192, 3.2857868476512597, 1.9623449229028358, -5.840000152587891, 0.0, 0.0, 0.0, 0.0, 0.0, 0.0, 0.0, 0.0, 0.0, 0.0, 0.0, 0.0, 0.375, 0.125
1.8801309999999996, OPEN_LOOP, 2.306353861192571, -1.4410557184750732, 0.1817661921183268, -0.1505161921183268, 2.1722701937249997, 0.022817964219800417, 3.8334179889264695, 0.9127185687920167, -5.599999904632568, 0.0, 0.0, 0.0, 0.0, 0.0, 0.0, 0.0, 0.0, 0.0, 0.0, 0.0, 0.0, 1.0, 0.875
1.9176399999999996, OPEN_LOOP, 3.3000488758553277, -2.574193548387097, 0.28125, -0.25, 2.017108037030357, 0.31488790623324575, 4.426685058641281, 0.1369077853188025, -5.5, 0.0, 0.0, 0.0, 0.0, 0.0, 0.0, 0.0, 0.0, 0.0, 0.0, 0.0, 0.0, 3.25, 2.25
1.9641589999999995, OPEN_LOOP, 3.7048875855327474, -3.27624633431085, 0.28125, -0.25, 1.921272587307195, 0.6160850339346112, 5.521947341191701, -1.5516215669464284, -4.809999942779541, 0.0, 0.0, 0.0, 0.0, 0.0, 0.0, 0.0, 0.0, 0.0, 0.0, 0.0, 0.0, 6.125, 5.625
2.0083349999999998, OPEN_LOOP, 2.797067448680352, -2.26158357771261, 0.1817661921183268, -0.1505161921183268, 1.7341652807048316, 1.0176812042030985, 6.7997533375005235, -2.966335348574054, -3.490000009536743, 0.0, 0.0, 0.0, 0.0, 0.0, 0.0, 0.0, 0.0, 0.0, 0.0, 0.0, 0.0, 5.375, 5.625
2.0590590000000004, OPEN_LOOP, 2.270967741935484, -1.8728739002932553, 0.1817661921183268, -0.1505161921183268, 1.5653123454783084, 1.4512225243793064, 8.077559333809347, -3.559602418288865, -1.940000057220459, 0.0, 0.0, 0.0, 0.0, 0.0, 0.0, 0.0, 0.0, 0.0, 0.0, 0.0, 0.0, 2.75, 3.0
2.0998279999999996, OPEN_LOOP, 2.270967741935484, -1.8610948191593355, 0.1817661921183268, -0.1505161921183268, 1.4329681530034661, 1.8528186946477938, 8.899006045722162, -3.787782060486869, -0.49000000953674316, 0.0, 0.0, 0.0, 0.0, 0.0, 0.0, 0.0, 0.0, 0.0, 0.0, 0.0, 0.0, 2.375, 2.25
2.142474000000001, OPEN_LOOP, 2.2591397849462367, -1.8493157380254155, 0.1817661921183268, -0.1505161921183268, 1.3188783319044641, 2.1722701937249997, 8.899006045722162, -3.650874275168067, 0.7599999904632568, 0.0, 0.0, 0.0, 0.0, 0.0, 0.0, 0.0, 0.0, 0.0, 0.0, 0.0, 0.0, 2.375, 2.25
2.206270000000001, OPEN_LOOP, 2.2964809384164226, -1.9074291300097752, 0.1817661921183268, -0.1505161921183268, 1.1865341394296216, 2.674265406560609, 8.305738976007351, -2.73815570637605, 2.200000047683716, 0.0, 0.0, 0.0, 0.0, 0.0, 0.0, 0.0, 0.0, 0.0, 0.0, 0.0, 0.0, 2.375, 2.5
2.2431200000000002, OPEN_LOOP, 2.3085043988269796, -1.9074291300097752, 0.1817661921183268, -0.1505161921183268, 1.145461803833981, 2.916135827290493, 7.986287476930146, -2.19052456510084, 2.8499999046325684, 0.0, 0.0, 0.0, 0.0, 0.0, 0.0, 0.0, 0.0, 0.0, 0.0, 0.0, 0.0, 2.5, 2.5
2.279433, OPEN_LOOP, 2.320527859237537, -1.9074291300097752, 0.1817661921183268, -0.1505161921183268, 1.1135166539262602, 3.1488790623324574, 7.666835977852939, -1.597257495386029, 3.6600000858306885, 0.0, 0.0, 0.0, 0.0, 0.0, 0.0, 0.0, 0.0, 0.0, 0.0, 0.0, 0.0, 2.625, 2.625
2.323631, OPEN_LOOP, 2.3085043988269796, -1.903958944281525, 0.1817661921183268, -0.1505161921183268, 1.1089530610823002, 3.3907494830623417, 6.891025194379726, -0.9583544972316174, 4.210000038146973, 0.0, 0.0, 0.0, 0.0, 0.0, 0.0, 0.0, 0.0, 0.0, 0.0, 0.0, 0.0, 2.75, 2.75
2.359694, OPEN_LOOP, 2.2991202346041058, -1.903958944281525, 0.1817661921183268, -0.1505161921183268, 1.1089530610823002, 3.518530082693224, 5.841398840268907, -0.5019952128356091, 4.449999809265137, 0.0, 0.0, 0.0, 0.0, 0.0, 0.0, 0.0, 0.0, 0.0, 0.0, 0.0, 0.0, 2.75, 2.875
2.3842120000000007, OPEN_LOOP, 2.2991202346041058, -1.9159335288367547, 0.25569820404052734, -0.22444820404052734, 1.1089530610823002, 3.5869839753526254, 4.97431619991649, -0.22817964219800418, 4.619999885559082, 0.0, 0.0, 0.0, 0.0, 0.0, 0.0, 0.0, 0.0, 0.0, 0.0, 0.0, 0.0, 3.0, 3.0
2.419403, OPEN_LOOP, 3.2570869990224827, -2.849951124144672, 0.25569820404052734, -0.22444820404052734, 1.1089530610823002, 3.669128646543907, 3.787782060486869, -0.045635928439600834, 4.75, 0.0, 0.0, 0.0, 0.0, 0.0, 0.0, 0.0, 0.0, 0.0, 0.0, 0.0, 0.0, 4.375, 3.875
2.458825, OPEN_LOOP, 4.574291300097752, -3.5804007820136854, 0.37861378987630206, -0.34736378987630206, 1.09069868970646, 3.8014728390187495, 2.8750634916948528, 0.0, 4.960000038146973, 0.0, 0.0, 0.0, 0.0, 0.0, 0.0, 0.0, 0.0, 0.0, 0.0, 0.0, 0.0, 7.25, 6.875
2.4860800000000003, OPEN_LOOP, 5.06524926686217, -3.9511241446725314, 0.4466145833333333, -0.4153645833333333, 1.0085540185151785, 4.011398109840913, 3.1488790623324574, -0.3194514990772058, 5.510000228881836, 0.0, 0.0, 0.0, 0.0, 0.0, 0.0, 0.0, 0.0, 0.0, 0.0, 0.0, 0.0, 11.875, 11.125
2.5439510000000007, OPEN_LOOP, 7.171065493646138, -6.558406647116324, 0.5223058064778646, -0.4910558064778646, 0.6982297051258928, 4.627483143775525, 5.567583269631301, -1.8254371375840335, 6.800000190734863, 0.0, 0.0, 0.0, 0.0, 0.0, 0.0, 0.0, 0.0, 0.0, 0.0, 0.0, 0.0, 21.625, 20.125
2.580145000000001, OPEN_LOOP, 9.995698924731181, -8.660312805474096, 0.6666666666666666, -0.6354166666666666, 0.013690778531880249, 5.46262063422022, 10.222447970470586, -5.385039555872898, 8.329999923706055, 0.0, 0.0, 0.0, 0.0, 0.0, 0.0, 0.0, 0.0, 0.0, 0.0, 0.0, 0.0, 31.5, 29.375
2.6188410000000006, OPEN_LOOP, 11.2, -10.750733137829911, 0.6666666666666666, -0.6354166666666666, -1.2869331819967436, 6.703917887777362, 17.159109093289914, -12.68678810620903, 11.960000038146973, 0.0, 0.0, 0.0, 0.0, 0.0, 0.0, 0.0, 0.0, 0.0, 0.0, 0.0, 0.0, 42.0, 40.875
2.6433539999999995, OPEN_LOOP, 11.2, -7.956598240469209, 0.6666666666666666, -0.6354166666666666, -2.2817964219800415, 7.6348908279452194, 22.726692362921213, -18.665094731796742, 13.520000457763672, 0.0, 0.0, 0.0, 0.0, 0.0, 0.0, 0.0, 0.0, 0.0, 0.0, 0.0, 0.0, 45.625, 45.0
2.679957000000001, OPEN_LOOP, 8.45, -7.956598240469209, 0.6666666666666666, -0.6354166666666666, -4.3262860160741585, 9.31429299452253, 31.67133433708298, -33.222955904029405, 19.3700008392334, 0.0, 0.0, 0.0, 0.0, 0.0, 0.0, 0.0, 0.0, 0.0, 0.0, 0.0, 0.0, 46.125, 45.0
2.717868, OPEN_LOOP, 8.169159335288366, -7.797800586510264, 0.6666666666666666, -0.6354166666666666, -6.03306973971523, 11.180802467702204, 38.88181103053991, -43.399767946060386, 24.15999984741211, 0.0, 0.0, 0.0, 0.0, 0.0, 0.0, 0.0, 0.0, 0.0, 0.0, 0.0, 0.0, 42.375, 41.625
2.7419769999999994, OPEN_LOOP, 8.061779081133919, -7.672434017595308, 0.6666666666666666, -0.6354166666666666, -7.014242201166648, 12.531625949514389, 43.9473990873356, -45.68156436804044, 29.6200008392334, 0.0, 0.0, 0.0, 0.0, 0.0, 0.0, 0.0, 0.0, 0.0, 0.0, 0.0, 0.0, 38.75, 38.75
2.7780809999999994, OPEN_LOOP, 7.863538611925708, -7.530351906158359, 0.6666666666666666, -0.6354166666666666, -8.570427360957037, 14.936639378281352, 50.792788353275725, -45.04266136988602, 32.58000183105469, 0.0, 0.0, 0.0, 0.0, 0.0, 0.0, 0.0, 0.0, 0.0, 0.0, 0.0, 0.0, 33.875, 35.25
2.8027919999999993, OPEN_LOOP, 7.64051808406647, -8.283479960899315, 0.6666666666666666, -0.6354166666666666, -10.044467849556144, 16.282899267249576, 55.128201555037805, -44.90575358456722, 38.91999816894531, 0.0, 0.0, 0.0, 0.0, 0.0, 0.0, 0.0, 0.0, 0.0, 0.0, 0.0, 0.0, 30.5, 32.375
2.838966, OPEN_LOOP, 8.432062561094819, -7.912023460410557, 0.6666666666666666, -0.6354166666666666, -13.1248930192292, 18.820256888491382, 60.3763333255919, -52.70949734773896, 49.400001525878906, 0.0, 0.0, 0.0, 0.0, 0.0, 0.0, 0.0, 0.0, 0.0, 0.0, 0.0, 0.0, 25.25, 28.375
2.8787220000000007, OPEN_LOOP, 7.122678396871946, -7.865591397849463, 0.5772425333658854, -0.5459925333658854, -15.33823554854984, 21.604048523307036, 64.20975131451837, -62.338678248494745, 56.810001373291016, 0.0, 0.0, 0.0, 0.0, 0.0, 0.0, 0.0, 0.0, 0.0, 0.0, 0.0, 0.0, 21.25, 25.0
2.919498, OPEN_LOOP, 5.1911045943304, -5.850439882697947, 0.3473685582478841, -0.3161185582478841, -17.373597956956036, 24.501929979221686, 67.76935373280723, -65.03119802643118, 68.41999816894531, 0.0, 0.0, 0.0, 0.0, 0.0, 0.0, 0.0, 0.0, 0.0, 0.0, 0.0, 0.0, 12.625, 17.375
2.962961000000001, OPEN_LOOP, 1.9130009775171064, -4.22258064516129, 0.1817661921183268, -0.1505161921183268, -19.67364875031192, 26.91150700083261, 68.13444116032404, -59.919974041195886, 80.30000305175781, 0.0, 0.0, 0.0, 0.0, 0.0, 0.0, 0.0, 0.0, 0.0, 0.0, 0.0, 0.0, 4.125, 5.75
2.9990549999999994, OPEN_LOOP, 0.7806451612903226, -1.388709677419355, 0.062024434407552086, -0.030774434407552086, -21.48539510936407, 28.61829072447368, 62.15613453473633, -55.99528419539023, 87.87999725341797, 0.0, 0.0, 0.0, 0.0, 0.0, 0.0, 0.0, 0.0, 0.0, 0.0, 0.0, 0.0, 0.5, 1.25
3.0380899999999995, OPEN_LOOP, 0.0, 0.0, 0.03125, 0.02738221486409505, -22.936617633743378, 29.649662707208662, 50.61024463951732, -51.47732727986974, 97.98999786376953, 0.0, 0.0, 0.0, 0.0, 0.0, 0.0, 0.0, 0.0, 0.0, 0.0, 0.0, 0.0, 0.125, 0.0
3.078475, OPEN_LOOP, 0.0, 0.0, 0.03125, 0.030932108561197918, -23.940608059414597, 30.80881528957452, 38.6992673167815, -39.42944217181512, 105.91000366210938, 0.0, 0.0, 0.0, 0.0, 0.0, 0.0, 0.0, 0.0, 0.0, 0.0, 0.0, 0.0, 0.125, 0.0
3.1018630000000007, OPEN_LOOP, 0.0, 0.0, 0.03125, 0.0312496821085612, -24.378712972434766, 31.37013720938161, 32.9947762618314, -31.488790623324576, 108.05000305175781, 0.0, 0.0, 0.0, 0.0, 0.0, 0.0, 0.0, 0.0, 0.0, 0.0, 0.0, 0.0, 0.125, 0.0
3.13825, OPEN_LOOP, 0.0, 0.0, 0.03125, 0.0312496821085612, -24.903526149490173, 32.0455489502877, 27.016469636243695, -22.68105643448161, 113.12000274658203, 0.0, 0.0, 0.0, 0.0, 0.0, 0.0, 0.0, 0.0, 0.0, 0.0, 0.0, 0.0, 0.125, 0.0
3.163150000000001, OPEN_LOOP, 0.0, 0.0, 0.03125, 0.0312496821085612, -25.19559609150362, 32.41976356349243, 24.004498359230038, -19.07581808775315, 114.5, 0.0, 0.0, 0.0, 0.0, 0.0, 0.0, 0.0, 0.0, 0.0, 0.0, 0.0, 0.0, 0.125, 0.0
3.1986160000000003, OPEN_LOOP, 0.0, 0.0, 0.03125, 0.03125, -25.505920404892905, 32.83961410513676, 19.57781330058876, -15.379307884145481, 117.80000305175781, 0.0, 0.0, 0.0, 0.0, 0.0, 0.0, 0.0, 0.0, 0.0, 0.0, 0.0, 0.0, 0.125, 0.125
3.2230630000000007, OPEN_LOOP, 0.0, 0.0, 0.03125, 0.03125, -25.624573818835866, 33.04953937595892, 16.5202060951355, -12.732424034648632, 118.58999633789062, 0.0, 0.0, 0.0, 0.0, 0.0, 0.0, 0.0, 0.0, 0.0, 0.0, 0.0, 0.0, 0.125, 0.125
3.2587970000000004, OPEN_LOOP, 0.0, 0.0, 0.03125, 0.03125, -25.688464118651307, 33.241210275405244, 12.276064750252624, -8.488282689765756, 120.05999755859375, 0.0, 0.0, 0.0, 0.0, 0.0, 0.0, 0.0, 0.0, 0.0, 0.0, 0.0, 0.0, 0.25, 0.125
3.2981729999999994, OPEN_LOOP, 0.0, 0.0, 0.031247396320281055, 0.03125, -25.688464118651307, 33.34617291081633, 8.168831190688548, -4.426685058641281, 120.41999816894531, 0.0, 0.0, 0.0, 0.0, 0.0, 0.0, 0.0, 0.0, 0.0, 0.0, 0.0, 0.0, 0.25, 0.125
3.3249319999999996, OPEN_LOOP, 0.0, 0.0, 0.030151572514634892, 0.03125, -25.688464118651307, 33.36442728219217, 5.887034768708508, -2.418704207298844, 120.52999877929688, 0.0, 0.0, 0.0, 0.0, 0.0, 0.0, 0.0, 0.0, 0.0, 0.0, 0.0, 0.0, 0.25, 0.125
3.3582220000000005, OPEN_LOOP, 0.0, 0.0, 0.029351917185555035, 0.03125, -25.688464118651307, 33.36442728219217, 3.468330561409663, -0.6845389265940125, 120.4800033569336, 0.0, 0.0, 0.0, 0.0, 0.0, 0.0, 0.0, 0.0, 0.0, 0.0, 0.0, 0.0, 0.25, 0.125
3.384214000000001, OPEN_LOOP, 0.0, 0.0, 0.024105502851218975, 0.03125, -25.688464118651307, 33.36442728219217, 2.0992527082216386, -0.1369077853188025, 120.38999938964844, 0.0, 0.0, 0.0, 0.0, 0.0, 0.0, 0.0, 0.0, 0.0, 0.0, 0.0, 0.0, 0.25, 0.125
3.418622, OPEN_LOOP, 0.0, 0.0, 0.024105502851218975, 0.03125, -25.688464118651307, 33.36442728219217, 0.5932670697148108, 0.0, 120.2699966430664, 0.0, 0.0, 0.0, 0.0, 0.0, 0.0, 0.0, 0.0, 0.0, 0.0, 0.0, 0.0, 0.25, 0.125
3.4409029999999996, OPEN_LOOP, 0.0, 0.0, 0.024105502851218975, 0.03125, -25.688464118651307, 33.36442728219217, 0.1369077853188025, 0.0, 120.2699966430664, 0.0, 0.0, 0.0, 0.0, 0.0, 0.0, 0.0, 0.0, 0.0, 0.0, 0.0, 0.0, 0.25, 0.125
3.4794360000000006, OPEN_LOOP, 0.0, 0.0, 0.021554221742697804, 0.03125, -25.688464118651307, 33.36442728219217, 0.0, 0.0, 120.26000213623047, 0.0, 0.0, 0.0, 0.0, 0.0, 0.0, 0.0, 0.0, 0.0, 0.0, 0.0, 0.0, 0.25, 0.125
3.5170839999999997, OPEN_LOOP, 0.0, 0.0, 0.01476447450236923, 0.03125, -25.688464118651307, 33.36442728219217, 0.0, 0.0, 120.23999786376953, 0.0, 0.0, 0.0, 0.0, 0.0, 0.0, 0.0, 0.0, 0.0, 0.0, 0.0, 0.0, 0.25, 0.125
3.541334, OPEN_LOOP, 0.0, 0.0, 0.0184581226088286, 0.03125, -25.688464118651307, 33.36442728219217, 0.0, 0.0, 120.2300033569336, 0.0, 0.0, 0.0, 0.0, 0.0, 0.0, 0.0, 0.0, 0.0, 0.0, 0.0, 0.0, 0.25, 0.125
3.5793589999999993, OPEN_LOOP, 0.0, 0.0, 0.021554221742697804, 0.03125, -25.688464118651307, 33.36442728219217, 0.0, 0.0, 120.2300033569336, 0.0, 0.0, 0.0, 0.0, 0.0, 0.0, 0.0, 0.0, 0.0, 0.0, 0.0, 0.0, 0.25, 0.25
3.6047540000000007, OPEN_LOOP, 0.0, 0.0, 0.0184581226088286, 0.03125, -25.688464118651307, 33.36442728219217, 0.0, 0.0, 120.2300033569336, 0.0, 0.0, 0.0, 0.0, 0.0, 0.0, 0.0, 0.0, 0.0, 0.0, 0.0, 0.0, 0.25, 0.25
3.638249000000001, OPEN_LOOP, 0.0, 0.0, 0.0184581226088286, 0.03125, -25.688464118651307, 33.36442728219217, 0.0, 0.0, 120.2300033569336, 0.0, 0.0, 0.0, 0.0, 0.0, 0.0, 0.0, 0.0, 0.0, 0.0, 0.0, 0.0, 0.25, 0.125
3.6618249999999994, OPEN_LOOP, 0.0, 0.0, 0.010420562248451823, 0.03125, -25.688464118651307, 33.36442728219217, 0.0, 0.0, 120.20999908447266, 0.0, 0.0, 0.0, 0.0, 0.0, 0.0, 0.0, 0.0, 0.0, 0.0, 0.0, 0.0, 0.25, 0.125
3.6986619999999997, OPEN_LOOP, 0.0, 0.0, 0.010420562248451823, 0.03125, -25.688464118651307, 33.36442728219217, 0.0, 0.0, 120.20999908447266, 0.0, 0.0, 0.0, 0.0, 0.0, 0.0, 0.0, 0.0, 0.0, 0.0, 0.0, 0.0, 0.25, 0.125
3.7242570000000006, OPEN_LOOP, 0.0, 0.0, 0.010420562248451823, 0.03125, -25.688464118651307, 33.36442728219217, 0.0, 0.0, 120.20999908447266, 0.0, 0.0, 0.0, 0.0, 0.0, 0.0, 0.0, 0.0, 0.0, 0.0, 0.0, 0.0, 0.25, 0.25
3.7669620000000004, OPEN_LOOP, 0.0, 0.0, 0.0035260147754497366, 0.03125, -25.688464118651307, 33.36442728219217, 0.0, 0.0, 120.20999908447266, 0.0, 0.0, 0.0, 0.0, 0.0, 0.0, 0.0, 0.0, 0.0, 0.0, 0.0, 0.0, 0.125, 0.125
3.8176940000000004, OPEN_LOOP, 0.0, 0.5111436950146627, -0.009432493298807992, 0.04068249329880799, -25.688464118651307, 33.36442728219217, 0.0, 0.0, 120.19999694824219, 0.0, 0.0, 0.0, 0.0, 0.0, 0.0, 0.0, 0.0, 0.0, 0.0, 0.0, 0.0, 0.25, 0.125
3.8402369999999992, OPEN_LOOP, 0.0, 0.5111436950146627, -0.009432493298807992, 0.04068249329880799, -25.688464118651307, 33.36442728219217, 0.0, 0.0, 120.19999694824219, 0.0, 0.0, 0.0, 0.0, 0.0, 0.0, 0.0, 0.0, 0.0, 0.0, 0.0, 0.0, 0.25, 0.25
3.8645880000000004, OPEN_LOOP, 0.0, 0.5111436950146627, -0.009432493298807992, 0.04068249329880799, -25.688464118651307, 33.36442728219217, 0.0, 0.0, 120.19999694824219, 0.0, 0.0, 0.0, 0.0, 0.0, 0.0, 0.0, 0.0, 0.0, 0.0, 0.0, 0.0, 0.25, 0.25
3.8998459999999993, OPEN_LOOP, 0.0, 0.6085043988269795, -0.025905977190248203, 0.0571559771902482, -25.688464118651307, 33.36442728219217, 0.0, 0.0, 120.19000244140625, 0.0, 0.0, 0.0, 0.0, 0.0, 0.0, 0.0, 0.0, 0.0, 0.0, 0.0, 0.0, 0.25, 0.25
3.93842, OPEN_LOOP, -0.8397360703812317, 0.8762463343108504, -0.06663630919267198, 0.09788630919267198, -25.665646154431506, 33.36442728219217, 0.0, 0.0, 120.19000244140625, 0.0, 0.0, 0.0, 0.0, 0.0, 0.0, 0.0, 0.0, 0.0, 0.0, 0.0, 0.0, 0.375, 0.375
3.9643109999999995, OPEN_LOOP, -1.2048387096774194, 1.2413489736070382, -0.09535947638466513, 0.12660947638466513, -25.633701004523786, 33.32791853944049, 0.0, 0.18254371375840334, 120.18000030517578, 0.0, 0.0, 0.0, 0.0, 0.0, 0.0, 0.0, 0.0, 0.0, 0.0, 0.0, 0.0, 0.5, 0.75
4.003209000000001, OPEN_LOOP, -1.4239002932551321, 1.6064516129032258, -0.13538550201238542, 0.16663550201238542, -25.597192261772108, 33.26402823962505, -0.5019952128356091, 0.54763114127521, 120.04000091552734, 0.0, 0.0, 0.0, 0.0, 0.0, 0.0, 0.0, 0.0, 0.0, 0.0, 0.0, 0.0, 0.875, 1.25
4.038456000000001, OPEN_LOOP, -1.9837243401759532, 2.1297653958944283, -0.15484376738509487, 0.18609376738509487, -25.546992740488545, 33.209265125497524, -1.0496263541108193, 0.9583544972316174, 119.86000061035156, 0.0, 0.0, 0.0, 0.0, 0.0, 0.0, 0.0, 0.0, 0.0, 0.0, 0.0, 0.0, 1.375, 2.0
4.0636280000000005, OPEN_LOOP, -2.5435483870967746, 2.38533724340176, -0.256696147477402, 0.287946147477402, -25.483102440673104, 33.159065604213964, -1.369077853188025, 1.1865341394296216, 119.58000183105469, 0.0, 0.0, 0.0, 0.0, 0.0, 0.0, 0.0, 0.0, 0.0, 0.0, 0.0, 0.0, 2.125, 2.75
4.104508999999999, OPEN_LOOP, -3.3589442815249266, 3.6492668621700886, -0.256696147477402, 0.287946147477402, -25.337067469666383, 32.99021266898744, -1.9623449229028358, 1.8254371375840335, 118.94000244140625, 0.0, 0.0, 0.0, 0.0, 0.0, 0.0, 0.0, 0.0, 0.0, 0.0, 0.0, 0.0, 4.25, 5.375
4.139665, OPEN_LOOP, -3.278152492668622, 3.7565982404692084, -0.256696147477402, 0.287946147477402, -25.177341720127778, 32.816796140916956, -2.73815570637605, 2.692519777936449, 118.22000122070312, 0.0, 0.0, 0.0, 0.0, 0.0, 0.0, 0.0, 0.0, 0.0, 0.0, 0.0, 0.0, 5.625, 7.25
4.179225, OPEN_LOOP, -3.637243401759531, 4.126295210166178, -0.2845434648690666, 0.3157934648690666, -24.889835370958295, 32.49734464183975, -4.472320987080882, 4.061597631124474, 116.68000030517578, 0.0, 0.0, 0.0, 0.0, 0.0, 0.0, 0.0, 0.0, 0.0, 0.0, 0.0, 0.0, 5.875, 8.0
4.2028810000000005, OPEN_LOOP, -3.6604105571847514, 4.150146627565983, -0.2845434648690666, 0.3157934648690666, -24.72554602857573, 32.26460140679779, -5.7501269833897055, 4.97431619991649, 116.04000091552734, 0.0, 0.0, 0.0, 0.0, 0.0, 0.0, 0.0, 0.0, 0.0, 0.0, 0.0, 0.0, 6.125, 8.125
4.236281000000001, OPEN_LOOP, -4.07741935483871, 4.380351906158357, -0.3141306895616278, 0.3453806895616278, -24.351331415371003, 31.84931445799742, -7.803743763171742, 6.662845552181722, 114.54000091552734, 0.0, 0.0, 0.0, 0.0, 0.0, 0.0, 0.0, 0.0, 0.0, 0.0, 0.0, 0.0, 6.75, 8.625
4.257949000000001, OPEN_LOOP, -4.05425219941349, 4.3689149560117295, -0.3141306895616278, 0.3453806895616278, -24.08207943757736, 31.548117330296055, -9.172821616359768, 7.895015620050944, 112.76000213623047, 0.0, 0.0, 0.0, 0.0, 0.0, 0.0, 0.0, 0.0, 0.0, 0.0, 0.0, 0.0, 6.875, 8.875
4.283773000000001, OPEN_LOOP, -4.002737047898339, 4.391788856304985, -0.3141306895616278, 0.3453806895616278, -23.703301231528673, 31.110012417275886, -11.089530610823001, 9.583544972316174, 110.68000030517578, 0.0, 0.0, 0.0, 0.0, 0.0, 0.0, 0.0, 0.0, 0.0, 0.0, 0.0, 0.0, 7.25, 9.25
4.321839, OPEN_LOOP, -3.9800586510263933, 4.41466275659824, -0.3141306895616278, 0.3453806895616278, -23.14197931172158, 30.457418640589594, -13.73641446031985, 11.819705465856616, 108.3499984741211, 0.0, 0.0, 0.0, 0.0, 0.0, 0.0, 0.0, 0.0, 0.0, 0.0, 0.0, 0.0, 6.875, 8.875
4.3575539999999995, OPEN_LOOP, -4.036754643206257, 4.357478005865103, -0.3141306895616278, 0.3453806895616278, -22.388986492468167, 29.75006174977578, -16.200754596058296, 14.649133029111868, 104.41000366210938, 0.0, 0.0, 0.0, 0.0, 0.0, 0.0, 0.0, 0.0, 0.0, 0.0, 0.0, 0.0, 6.5, 8.5
4.380864, OPEN_LOOP, -3.9687194525904204, 4.380351906158357, -0.3141306895616278, 0.3453806895616278, -21.77746505137752, 29.188739829968693, -17.752376163004723, 16.885293522652308, 102.98999786376953, 0.0, 0.0, 0.0, 0.0, 0.0, 0.0, 0.0, 0.0, 0.0, 0.0, 0.0, 0.0, 6.375, 8.0
4.418128, OPEN_LOOP, -3.9800586510263933, 4.380351906158357, -0.3141306895616278, 0.3453806895616278, -20.83736492552174, 28.45856497493508, -19.395269586830356, 20.26235222718277, 98.43000030517578, 0.0, 0.0, 0.0, 0.0, 0.0, 0.0, 0.0, 0.0, 0.0, 0.0, 0.0, 0.0, 5.875, 7.625
4.4416649999999995, OPEN_LOOP, -3.9858260019550342, 4.3689149560117295, -0.3141306895616278, 0.3453806895616278, -20.26235222718277, 27.920061019347788, -20.39926001250157, 22.224697150085607, 96.8499984741211, 0.0, 0.0, 0.0, 0.0, 0.0, 0.0, 0.0, 0.0, 0.0, 0.0, 0.0, 0.0, 5.75, 7.625
4.478593000000001, OPEN_LOOP, 0.0, 4.3689149560117295, -0.025905977190248203, 0.0571559771902482, -19.18078072316423, 26.96170652211617, -21.768337865689595, 25.282304355538862, 91.95999908447266, 0.0, 0.0, 0.0, 0.0, 0.0, 0.0, 0.0, 0.0, 0.0, 0.0, 0.0, 0.0, 4.375, 7.375
4.503061, OPEN_LOOP, 0.0, 0.7090909090909091, -0.025905977190248203, 0.0571559771902482, -18.546441317853777, 26.459711309280564, -21.950881579448, 26.42320256652888, 91.95999908447266, 0.0, 0.0, 0.0, 0.0, 0.0, 0.0, 0.0, 0.0, 0.0, 0.0, 0.0, 0.0, 2.5, 3.875
4.541571, OPEN_LOOP, 0.0, 0.6862170087976539, -0.025905977190248203, 0.0571559771902482, -17.775194127224523, 26.112878253139595, -19.62344922902836, 24.825945071142854, 87.23999786376953, 0.0, 0.0, 0.0, 0.0, 0.0, 0.0, 0.0, 0.0, 0.0, 0.0, 0.0, 0.0, 0.25, 0.125
4.578535, OPEN_LOOP, 0.0, 0.7151515151515151, -0.025905977190248203, 0.0571559771902482, -17.332525621360396, 25.70671849002715, -15.333671955705878, 20.99252708221638, 83.44000244140625, 0.0, 0.0, 0.0, 0.0, 0.0, 0.0, 0.0, 0.0, 0.0, 0.0, 0.0, 0.0, 0.25, 0.125
4.602454000000001, OPEN_LOOP, 0.0, 0.7151515151515151, 0.030687605180708198, 0.03125, -17.07696442209863, 25.533301961956667, -12.914967748407037, 18.300007304279934, 82.37999725341797, 0.0, 0.0, 0.0, 0.0, 0.0, 0.0, 0.0, 0.0, 0.0, 0.0, 0.0, 0.0, 0.25, 0.25
4.637937, OPEN_LOOP, 0.0, 0.0, 0.031209317504391508, 0.03125, -16.721004180269745, 25.314249505446583, -9.94863239983298, 14.23840967315546, 80.56999969482422, 0.0, 0.0, 0.0, 0.0, 0.0, 0.0, 0.0, 0.0, 0.0, 0.0, 0.0, 0.0, 0.25, 0.25
4.661727999999999, OPEN_LOOP, 0.0, 0.0, 0.031247396320281055, 0.03125, -16.5886599877949, 25.21841405572342, -8.625190475084558, 12.458608464011027, 79.19000244140625, 0.0, 0.0, 0.0, 0.0, 0.0, 0.0, 0.0, 0.0, 0.0, 0.0, 0.0, 0.0, 0.25, 0.25
4.698094, OPEN_LOOP, 0.0, 0.0, 0.031247396320281055, 0.03125, -16.41067986688046, 25.19103249865966, -6.115214410906512, 9.492273115436973, 78.11000061035156, 0.0, 0.0, 0.0, 0.0, 0.0, 0.0, 0.0, 0.0, 0.0, 0.0, 0.0, 0.0, 0.25, 0.25
4.7378919999999995, OPEN_LOOP, 0.0, 0.0, 0.031247396320281055, 0.03125, -16.346789567065017, 25.282304355538862, -2.7837916348156506, 6.525937766862919, 77.9800033569336, 0.0, 0.0, 0.0, 0.0, 0.0, 0.0, 0.0, 0.0, 0.0, 0.0, 0.0, 0.0, 0.25, 0.25
4.758525, OPEN_LOOP, 0.0, 0.0, 0.031247396320281055, 0.03125, -16.33309878853314, 25.32794028397846, -1.09526228255042, 4.746136557718486, 78.18000030517578, 0.0, 0.0, 0.0, 0.0, 0.0, 0.0, 0.0, 0.0, 0.0, 0.0, 0.0, 0.0, 0.25, 0.25
4.7821240000000005, OPEN_LOOP, 0.0, 0.0, 0.031247396320281055, 0.03125, -16.33309878853314, 25.355321841042223, 0.273815570637605, 3.605238346728466, 78.33000183105469, 0.0, 0.0, 0.0, 0.0, 0.0, 0.0, 0.0, 0.0, 0.0, 0.0, 0.0, 0.0, 0.25, 0.25
4.818339000000001, OPEN_LOOP, 0.0, 0.0, 0.031209317504391508, 0.03125, -16.33309878853314, 25.428339326545583, 1.688529352265231, 1.4147137816276258, 78.66999816894531, 0.0, 0.0, 0.0, 0.0, 0.0, 0.0, 0.0, 0.0, 0.0, 0.0, 0.0, 0.0, 0.25, 0.25
4.841276, OPEN_LOOP, 0.0, 0.0, 0.031247396320281055, 0.03125, -16.33309878853314, 25.442030105077464, 1.9167089944632347, 0.6845389265940125, 78.72000122070312, 0.0, 0.0, 0.0, 0.0, 0.0, 0.0, 0.0, 0.0, 0.0, 0.0, 0.0, 0.0, 0.25, 0.25
4.878952000000001, OPEN_LOOP, 0.0, 0.0, 0.031247396320281055, 0.03125, -16.33309878853314, 25.442030105077464, 1.4603497100672267, 0.045635928439600834, 78.77999877929688, 0.0, 0.0, 0.0, 0.0, 0.0, 0.0, 0.0, 0.0, 0.0, 0.0, 0.0, 0.0, 0.25, 0.125
4.920122, OPEN_LOOP, 0.0, 0.0, 0.031247396320281055, 0.03125, -16.33309878853314, 25.432902919389544, 0.6389029981544116, 0.0, 78.72000122070312, 0.0, 0.0, 0.0, 0.0, 0.0, 0.0, 0.0, 0.0, 0.0, 0.0, 0.0, 0.0, 0.25, 0.125
4.958181000000001, OPEN_LOOP, 0.0, 0.0, 0.031247396320281055, 0.03125, -16.33309878853314, 25.423775733701625, 0.09127185687920167, 0.0, 78.69999694824219, 0.0, 0.0, 0.0, 0.0, 0.0, 0.0, 0.0, 0.0, 0.0, 0.0, 0.0, 0.0, 0.25, 0.125
4.982133999999999, OPEN_LOOP, 0.0, 0.0, 0.031247396320281055, 0.03125, -16.33309878853314, 25.414648548013705, -0.09127185687920167, 0.0, 78.68000030517578, 0.0, 0.0, 0.0, 0.0, 0.0, 0.0, 0.0, 0.0, 0.0, 0.0, 0.0, 0.0, 0.25, 0.125
5.019111, OPEN_LOOP, 0.0, 0.0, 0.031247396320281055, 0.03125, -16.33309878853314, 25.414648548013705, -0.22817964219800418, 0.0, 78.66999816894531, 0.0, 0.0, 0.0, 0.0, 0.0, 0.0, 0.0, 0.0, 0.0, 0.0, 0.0, 0.0, 0.25, 0.125
5.043952999999999, OPEN_LOOP, 0.0, 0.0, 0.031247396320281055, 0.03125, -16.33309878853314, 25.414648548013705, -0.18254371375840334, 0.0, 78.68000030517578, 0.0, 0.0, 0.0, 0.0, 0.0, 0.0, 0.0, 0.0, 0.0, 0.0, 0.0, 0.0, 0.25, 0.125
5.083626, OPEN_LOOP, 0.0, 0.0, 0.031247396320281055, 0.03125, -16.33309878853314, 25.414648548013705, -0.09127185687920167, 0.0, 78.69000244140625, 0.0, 0.0, 0.0, 0.0, 0.0, 0.0, 0.0, 0.0, 0.0, 0.0, 0.0, 0.0, 0.25, 0.125
5.118256, OPEN_LOOP, 0.0, 0.0, 0.031247396320281055, 0.03125, -16.33309878853314, 25.414648548013705, 0.0, 0.0, 78.69000244140625, 0.0, 0.0, 0.0, 0.0, 0.0, 0.0, 0.0, 0.0, 0.0, 0.0, 0.0, 0.0, 0.25, 0.125
5.139855, OPEN_LOOP, 0.0, 0.0, 0.031247396320281055, 0.03125, -16.33309878853314, 25.414648548013705, 0.0, 0.0, 78.68000030517578, 0.0, 0.0, 0.0, 0.0, 0.0, 0.0, 0.0, 0.0, 0.0, 0.0, 0.0, 0.0, 0.25, 0.125
5.16424, OPEN_LOOP, 0.0, 0.0, 0.031247396320281055, 0.03125, -16.33309878853314, 25.414648548013705, 0.0, 0.0, 78.68000030517578, 0.0, 0.0, 0.0, 0.0, 0.0, 0.0, 0.0, 0.0, 0.0, 0.0, 0.0, 0.0, 0.25, 0.125
5.198132, OPEN_LOOP, 0.0, 0.0, 0.031247396320281055, 0.03125, -16.33309878853314, 25.414648548013705, 0.0, 0.0, 78.68000030517578, 0.0, 0.0, 0.0, 0.0, 0.0, 0.0, 0.0, 0.0, 0.0, 0.0, 0.0, 0.0, 0.25, 0.125
5.223031, OPEN_LOOP, 0.0, 0.0, 0.031247396320281055, 0.03125, -16.33309878853314, 25.414648548013705, 0.0, 0.0, 78.68000030517578, 0.0, 0.0, 0.0, 0.0, 0.0, 0.0, 0.0, 0.0, 0.0, 0.0, 0.0, 0.0, 0.25, 0.125
5.257914, OPEN_LOOP, 0.0, 0.0, 0.031247396320281055, 0.03125, -16.33309878853314, 25.414648548013705, 0.0, 0.0, 78.68000030517578, 0.0, 0.0, 0.0, 0.0, 0.0, 0.0, 0.0, 0.0, 0.0, 0.0, 0.0, 0.0, 0.25, 0.125
5.278854, OPEN_LOOP, 0.0, 0.0, 0.031247396320281055, 0.03125, -16.33309878853314, 25.414648548013705, 0.0, 0.0, 78.68000030517578, 0.0, 0.0, 0.0, 0.0, 0.0, 0.0, 0.0, 0.0, 0.0, 0.0, 0.0, 0.0, 0.25, 0.125
5.300301, OPEN_LOOP, 0.0, 0.0, 0.031247396320281055, 0.03125, -16.33309878853314, 25.414648548013705, 0.0, 0.0, 78.66999816894531, 0.0, 0.0, 0.0, 0.0, 0.0, 0.0, 0.0, 0.0, 0.0, 0.0, 0.0, 0.0, 0.25, 0.125
5.324326, OPEN_LOOP, 0.0, 0.0, 0.031247396320281055, 0.03125, -16.33309878853314, 25.414648548013705, 0.0, 0.0, 78.68000030517578, 0.0, 0.0, 0.0, 0.0, 0.0, 0.0, 0.0, 0.0, 0.0, 0.0, 0.0, 0.0, 0.25, 0.125
5.3593459999999995, OPEN_LOOP, 0.0, 0.0, 0.031247396320281055, 0.03125, -16.33309878853314, 25.414648548013705, 0.0, 0.0, 78.66999816894531, 0.0, 0.0, 0.0, 0.0, 0.0, 0.0, 0.0, 0.0, 0.0, 0.0, 0.0, 0.0, 0.25, 0.125
5.380572, OPEN_LOOP, 0.0, 0.0, 0.031247396320281055, 0.03125, -16.33309878853314, 25.414648548013705, 0.0, 0.0, 78.68000030517578, 0.0, 0.0, 0.0, 0.0, 0.0, 0.0, 0.0, 0.0, 0.0, 0.0, 0.0, 0.0, 0.25, 0.125
5.422045, OPEN_LOOP, 0.0, 0.0, 0.031247396320281055, 0.03125, -16.33309878853314, 25.414648548013705, 0.0, 0.0, 78.68000030517578, 0.0, 0.0, 0.0, 0.0, 0.0, 0.0, 0.0, 0.0, 0.0, 0.0, 0.0, 0.0, 0.25, 0.125
5.458024000000001, OPEN_LOOP, 0.0, 0.0, 0.031247396320281055, 0.03125, -16.33309878853314, 25.414648548013705, 0.0, 0.0, 78.68000030517578, 0.0, 0.0, 0.0, 0.0, 0.0, 0.0, 0.0, 0.0, 0.0, 0.0, 0.0, 0.0, 0.25, 0.125
5.4792890000000005, OPEN_LOOP, 0.0, 0.0, 0.031247396320281055, 0.03125, -16.33309878853314, 25.414648548013705, 0.0, 0.0, 78.68000030517578, 0.0, 0.0, 0.0, 0.0, 0.0, 0.0, 0.0, 0.0, 0.0, 0.0, 0.0, 0.0, 0.25, 0.125
5.503009, OPEN_LOOP, 0.0, 0.0, 0.031247396320281055, 0.03125, -16.33309878853314, 25.414648548013705, 0.0, 0.0, 78.68000030517578, 0.0, 0.0, 0.0, 0.0, 0.0, 0.0, 0.0, 0.0, 0.0, 0.0, 0.0, 0.0, 0.25, 0.125
5.538229, OPEN_LOOP, 0.0, 0.0, 0.031209317504391508, 0.03125, -16.33309878853314, 25.414648548013705, 0.0, 0.0, 78.68000030517578, 0.0, 0.0, 0.0, 0.0, 0.0, 0.0, 0.0, 0.0, 0.0, 0.0, 0.0, 0.0, 0.25, 0.25
5.5648919999999995, OPEN_LOOP, 0.0, 0.0, 0.031247396320281055, 0.03125, -16.33309878853314, 25.414648548013705, 0.0, 0.0, 78.68000030517578, 0.0, 0.0, 0.0, 0.0, 0.0, 0.0, 0.0, 0.0, 0.0, 0.0, 0.0, 0.0, 0.25, 0.125
5.599659999999999, OPEN_LOOP, 0.0, 0.0, 0.031247396320281055, 0.03125, -16.33309878853314, 25.414648548013705, 0.0, 0.0, 78.66999816894531, 0.0, 0.0, 0.0, 0.0, 0.0, 0.0, 0.0, 0.0, 0.0, 0.0, 0.0, 0.0, 0.25, 0.125
5.6234139999999995, OPEN_LOOP, 0.0, 0.0, 0.031247396320281055, 0.03125, -16.33309878853314, 25.414648548013705, 0.0, 0.0, 78.66999816894531, 0.0, 0.0, 0.0, 0.0, 0.0, 0.0, 0.0, 0.0, 0.0, 0.0, 0.0, 0.0, 0.25, 0.125
5.658295, OPEN_LOOP, 0.0, 0.0, 0.031247396320281055, 0.03125, -16.33309878853314, 25.414648548013705, 0.0, 0.0, 78.66999816894531, 0.0, 0.0, 0.0, 0.0, 0.0, 0.0, 0.0, 0.0, 0.0, 0.0, 0.0, 0.0, 0.25, 0.125
5.679256, OPEN_LOOP, 0.0, 0.0, 0.031247396320281055, 0.03125, -16.33309878853314, 25.414648548013705, 0.0, 0.0, 78.66999816894531, 0.0, 0.0, 0.0, 0.0, 0.0, 0.0, 0.0, 0.0, 0.0, 0.0, 0.0, 0.0, 0.25, 0.125
5.704868, OPEN_LOOP, 0.0, 0.0, 0.031247396320281055, 0.03125, -16.33309878853314, 25.414648548013705, 0.0, 0.0, 78.66999816894531, 0.0, 0.0, 0.0, 0.0, 0.0, 0.0, 0.0, 0.0, 0.0, 0.0, 0.0, 0.0, 0.25, 0.125
5.737671, OPEN_LOOP, 0.0, 0.0, 0.031247396320281055, 0.03125, -16.33309878853314, 25.414648548013705, 0.0, 0.0, 78.66999816894531, 0.0, 0.0, 0.0, 0.0, 0.0, 0.0, 0.0, 0.0, 0.0, 0.0, 0.0, 0.0, 0.25, 0.125
5.757841, OPEN_LOOP, 0.0, 0.0, 0.031209317504391508, 0.03125, -16.33309878853314, 25.414648548013705, 0.0, 0.0, 78.66999816894531, 0.0, 0.0, 0.0, 0.0, 0.0, 0.0, 0.0, 0.0, 0.0, 0.0, 0.0, 0.0, 0.25, 0.125
5.7796650000000005, OPEN_LOOP, 0.0, 0.0, 0.031247396320281055, 0.03125, -16.33309878853314, 25.414648548013705, 0.0, 0.0, 78.66999816894531, 0.0, 0.0, 0.0, 0.0, 0.0, 0.0, 0.0, 0.0, 0.0, 0.0, 0.0, 0.0, 0.25, 0.125
5.817742999999999, OPEN_LOOP, 0.0, 0.0, 0.031247396320281055, 0.03125, -16.33309878853314, 25.414648548013705, 0.0, 0.0, 78.66999816894531, 0.0, 0.0, 0.0, 0.0, 0.0, 0.0, 0.0, 0.0, 0.0, 0.0, 0.0, 0.0, 0.25, 0.125
5.839458, OPEN_LOOP, 0.0, 0.0, 0.031247396320281055, 0.03125, -16.33309878853314, 25.414648548013705, 0.0, 0.0, 78.66999816894531, 0.0, 0.0, 0.0, 0.0, 0.0, 0.0, 0.0, 0.0, 0.0, 0.0, 0.0, 0.0, 0.25, 0.125
5.863445, OPEN_LOOP, 0.0, 0.0, 0.031247396320281055, 0.03125, -16.33309878853314, 25.414648548013705, 0.0, 0.0, 78.66999816894531, 0.0, 0.0, 0.0, 0.0, 0.0, 0.0, 0.0, 0.0, 0.0, 0.0, 0.0, 0.0, 0.25, 0.125
5.899743999999999, OPEN_LOOP, 0.0, 0.0, 0.031247396320281055, 0.03125, -16.33309878853314, 25.414648548013705, 0.0, 0.0, 78.66999816894531, 0.0, 0.0, 0.0, 0.0, 0.0, 0.0, 0.0, 0.0, 0.0, 0.0, 0.0, 0.0, 0.25, 0.125
5.9248330000000005, OPEN_LOOP, 0.0, 0.0, 0.031247396320281055, 0.03125, -16.33309878853314, 25.414648548013705, 0.0, 0.0, 78.66000366210938, 0.0, 0.0, 0.0, 0.0, 0.0, 0.0, 0.0, 0.0, 0.0, 0.0, 0.0, 0.0, 0.25, 0.125
5.959904000000001, OPEN_LOOP, 0.0, 0.0, 0.031247396320281055, 0.03125, -16.33309878853314, 25.414648548013705, 0.0, 0.0, 78.66000366210938, 0.0, 0.0, 0.0, 0.0, 0.0, 0.0, 0.0, 0.0, 0.0, 0.0, 0.0, 0.0, 0.25, 0.125
5.983394, OPEN_LOOP, 0.0, 0.0, 0.031247396320281055, 0.03125, -16.33309878853314, 25.414648548013705, 0.0, 0.0, 78.66000366210938, 0.0, 0.0, 0.0, 0.0, 0.0, 0.0, 0.0, 0.0, 0.0, 0.0, 0.0, 0.0, 0.25, 0.125
6.0238439999999995, OPEN_LOOP, 0.0, 0.0, 0.031247396320281055, 0.03125, -16.33309878853314, 25.414648548013705, 0.0, 0.0, 78.66000366210938, 0.0, 0.0, 0.0, 0.0, 0.0, 0.0, 0.0, 0.0, 0.0, 0.0, 0.0, 0.0, 0.25, 0.125
6.057803000000001, OPEN_LOOP, 0.0, 0.0, 0.031247396320281055, 0.03125, -16.33309878853314, 25.414648548013705, 0.0, 0.0, 78.66000366210938, 0.0, 0.0, 0.0, 0.0, 0.0, 0.0, 0.0, 0.0, 0.0, 0.0, 0.0, 0.0, 0.25, 0.125
6.085565, OPEN_LOOP, 0.0, 0.0, 0.031247396320281055, 0.03125, -16.33309878853314, 25.414648548013705, 0.0, 0.0, 78.66000366210938, 0.0, 0.0, 0.0, 0.0, 0.0, 0.0, 0.0, 0.0, 0.0, 0.0, 0.0, 0.0, 0.25, 0.125
6.120030000000001, OPEN_LOOP, 0.0, 0.0, 0.031247396320281055, 0.03125, -16.33309878853314, 25.414648548013705, 0.0, 0.0, 78.66000366210938, 0.0, 0.0, 0.0, 0.0, 0.0, 0.0, 0.0, 0.0, 0.0, 0.0, 0.0, 0.0, 0.25, 0.125
6.1579559999999995, OPEN_LOOP, 0.0, 0.0, 0.031247396320281055, 0.03125, -16.33309878853314, 25.414648548013705, 0.0, 0.0, 78.66000366210938, 0.0, 0.0, 0.0, 0.0, 0.0, 0.0, 0.0, 0.0, 0.0, 0.0, 0.0, 0.0, 0.25, 0.125
6.180086999999999, OPEN_LOOP, 0.0, 0.0, 0.031247396320281055, 0.03125, -16.33309878853314, 25.414648548013705, 0.0, 0.0, 78.66000366210938, 0.0, 0.0, 0.0, 0.0, 0.0, 0.0, 0.0, 0.0, 0.0, 0.0, 0.0, 0.0, 0.25, 0.125
6.202834999999999, OPEN_LOOP, 0.0, 0.0, 0.031247396320281055, 0.03125, -16.33309878853314, 25.414648548013705, 0.0, 0.0, 78.66000366210938, 0.0, 0.0, 0.0, 0.0, 0.0, 0.0, 0.0, 0.0, 0.0, 0.0, 0.0, 0.0, 0.25, 0.125
6.238010999999999, OPEN_LOOP, 0.0, 0.0, 0.031247396320281055, 0.03125, -16.33309878853314, 25.414648548013705, 0.0, 0.0, 78.6500015258789, 0.0, 0.0, 0.0, 0.0, 0.0, 0.0, 0.0, 0.0, 0.0, 0.0, 0.0, 0.0, 0.25, 0.125
6.259023999999999, OPEN_LOOP, 0.0, 0.0, 0.031247396320281055, 0.03125, -16.33309878853314, 25.414648548013705, 0.0, 0.0, 78.6500015258789, 0.0, 0.0, 0.0, 0.0, 0.0, 0.0, 0.0, 0.0, 0.0, 0.0, 0.0, 0.0, 0.25, 0.25
6.284009, OPEN_LOOP, 0.0, 0.0, 0.031247396320281055, 0.03125, -16.33309878853314, 25.414648548013705, 0.0, 0.0, 78.6500015258789, 0.0, 0.0, 0.0, 0.0, 0.0, 0.0, 0.0, 0.0, 0.0, 0.0, 0.0, 0.0, 0.25, 0.25
6.317972, OPEN_LOOP, 0.0, 0.0, 0.031247396320281055, 0.03125, -16.33309878853314, 25.414648548013705, 0.0, 0.0, 78.6500015258789, 0.0, 0.0, 0.0, 0.0, 0.0, 0.0, 0.0, 0.0, 0.0, 0.0, 0.0, 0.0, 0.25, 0.125
6.342455, OPEN_LOOP, 0.0, 0.0, 0.031247396320281055, 0.03125, -16.33309878853314, 25.414648548013705, 0.0, 0.0, 78.6500015258789, 0.0, 0.0, 0.0, 0.0, 0.0, 0.0, 0.0, 0.0, 0.0, 0.0, 0.0, 0.0, 0.25, 0.125
6.378749999999999, OPEN_LOOP, 0.0, 0.0, 0.031247396320281055, 0.03125, -16.33309878853314, 25.414648548013705, 0.0, 0.0, 78.6500015258789, 0.0, 0.0, 0.0, 0.0, 0.0, 0.0, 0.0, 0.0, 0.0, 0.0, 0.0, 0.0, 0.25, 0.125
6.402258000000001, OPEN_LOOP, 0.0, 0.0, 0.031209317504391508, 0.03125, -16.33309878853314, 25.414648548013705, 0.0, 0.0, 78.6500015258789, 0.0, 0.0, 0.0, 0.0, 0.0, 0.0, 0.0, 0.0, 0.0, 0.0, 0.0, 0.0, 0.25, 0.125
6.439426999999999, OPEN_LOOP, 0.0, 0.0, 0.031247396320281055, 0.03125, -16.33309878853314, 25.414648548013705, 0.0, 0.0, 78.6500015258789, 0.0, 0.0, 0.0, 0.0, 0.0, 0.0, 0.0, 0.0, 0.0, 0.0, 0.0, 0.0, 0.25, 0.125
6.464106999999999, OPEN_LOOP, 0.0, 0.0, 0.031247396320281055, 0.03125, -16.33309878853314, 25.414648548013705, 0.0, 0.0, 78.6500015258789, 0.0, 0.0, 0.0, 0.0, 0.0, 0.0, 0.0, 0.0, 0.0, 0.0, 0.0, 0.0, 0.25, 0.125
6.498428, OPEN_LOOP, 0.0, 0.0, 0.031247396320281055, 0.03125, -16.33309878853314, 25.414648548013705, 0.0, 0.0, 78.6500015258789, 0.0, 0.0, 0.0, 0.0, 0.0, 0.0, 0.0, 0.0, 0.0, 0.0, 0.0, 0.0, 0.25, 0.125
6.519761, OPEN_LOOP, 0.0, 0.0, 0.031247396320281055, 0.03125, -16.33309878853314, 25.414648548013705, 0.0, 0.0, 78.6500015258789, 0.0, 0.0, 0.0, 0.0, 0.0, 0.0, 0.0, 0.0, 0.0, 0.0, 0.0, 0.0, 0.25, 0.125
6.545345999999999, OPEN_LOOP, 0.0, 0.0, 0.031247396320281055, 0.03125, -16.33309878853314, 25.414648548013705, 0.0, 0.0, 78.6500015258789, 0.0, 0.0, 0.0, 0.0, 0.0, 0.0, 0.0, 0.0, 0.0, 0.0, 0.0, 0.0, 0.25, 0.125
6.57899, OPEN_LOOP, 0.0, 0.0, 0.031247396320281055, 0.03125, -16.33309878853314, 25.414648548013705, 0.0, 0.0, 78.6500015258789, 0.0, 0.0, 0.0, 0.0, 0.0, 0.0, 0.0, 0.0, 0.0, 0.0, 0.0, 0.0, 0.25, 0.125
6.604257, OPEN_LOOP, 0.0, 0.0, 0.031247396320281055, 0.03125, -16.33309878853314, 25.414648548013705, 0.0, 0.0, 78.63999938964844, 0.0, 0.0, 0.0, 0.0, 0.0, 0.0, 0.0, 0.0, 0.0, 0.0, 0.0, 0.0, 0.25, 0.125
6.639781, OPEN_LOOP, 0.0, 0.0, 0.031247396320281055, 0.03125, -16.33309878853314, 25.414648548013705, 0.0, 0.0, 78.63999938964844, 0.0, 0.0, 0.0, 0.0, 0.0, 0.0, 0.0, 0.0, 0.0, 0.0, 0.0, 0.0, 0.25, 0.125
6.680283, OPEN_LOOP, 0.0, 0.0, 0.031247396320281055, 0.03125, -16.33309878853314, 25.414648548013705, 0.0, 0.0, 78.63999938964844, 0.0, 0.0, 0.0, 0.0, 0.0, 0.0, 0.0, 0.0, 0.0, 0.0, 0.0, 0.0, 0.25, 0.125
6.717854999999999, OPEN_LOOP, 0.0, 0.0, 0.031247396320281055, 0.03125, -16.33309878853314, 25.414648548013705, 0.0, 0.0, 78.63999938964844, 0.0, 0.0, 0.0, 0.0, 0.0, 0.0, 0.0, 0.0, 0.0, 0.0, 0.0, 0.0, 0.25, 0.125
6.742721, OPEN_LOOP, 0.0, 0.0, 0.031247396320281055, 0.03125, -16.33309878853314, 25.414648548013705, 0.0, 0.0, 78.63999938964844, 0.0, 0.0, 0.0, 0.0, 0.0, 0.0, 0.0, 0.0, 0.0, 0.0, 0.0, 0.0, 0.25, 0.25
6.779398, OPEN_LOOP, 0.0, 0.0, 0.031247396320281055, 0.03125, -16.33309878853314, 25.414648548013705, 0.0, 0.0, 78.63999938964844, 0.0, 0.0, 0.0, 0.0, 0.0, 0.0, 0.0, 0.0, 0.0, 0.0, 0.0, 0.0, 0.25, 0.25
6.818228, OPEN_LOOP, 0.0, 0.0, 0.031247396320281055, 0.03125, -16.33309878853314, 25.414648548013705, 0.0, 0.0, 78.63999938964844, 0.0, 0.0, 0.0, 0.0, 0.0, 0.0, 0.0, 0.0, 0.0, 0.0, 0.0, 0.0, 0.25, 0.125
6.841784, OPEN_LOOP, 0.0, 0.0, 0.031247396320281055, 0.03125, -16.33309878853314, 25.414648548013705, 0.0, 0.0, 78.63999938964844, 0.0, 0.0, 0.0, 0.0, 0.0, 0.0, 0.0, 0.0, 0.0, 0.0, 0.0, 0.0, 0.25, 0.125
53.808643999999994, OPEN_LOOP, 0.0, 0.0, 0.0, 0.0, 0.0, 0.0, 0.0, 0.0, -0.03999999910593033, 0.0, 0.0, 0.0, 0.0, 0.0, 0.0, 0.0, 0.0, 0.0, 0.0, 0.0, 0.0, 0.125, 0.125
53.883945, PATH_FOLLOWING, 12.65, 0.0, 496.4866322856626, 1447.0809448397683, 0.004563592843960083, 0.018254371375840333, 0.0, 0.0, -0.03999999910593033, 9.875000035468794, 9.835000036362864, 0.011476755996494661, 508.78259635365157, 508.7689055751197, 0.011476755996494661, 0.011476755996494661, 1476.9632179052971, 1476.9632179052971, 0.011476755996494661, 0.6057132328502417, 31.809048551311786, 13.625, 12.125
53.926311, PATH_FOLLOWING, 12.65, 12.65, 670.9233770184287, 1206.8354351321702, 1.2276064750252624, 1.5014220456628673, 4.746136557718486, 2.8294275632552517, -0.009999999776482582, 9.875048274501042, 9.86504827472456, 0.10091546781641617, 684.4178871117949, 683.153771894018, -3.960682163308058, 0.08452887487567463, 1237.556284499459, 1236.6070571879154, -1.6952723342687577, 3.079206273311515, 74.6386221526309, 42.375, 37.25
53.965523, PATH_FOLLOWING, 12.65, 12.65, 570.3036877723363, 896.2713740611135, 2.8385547489431717, 2.9937169056378146, 17.889283948323527, 14.375317458474262, 0.6700000166893005, 9.875459697676176, 10.545459714365476, 0.27738646871670974, 585.8687005746051, 583.2081259465764, -15.330101057626774, 0.27738646871670974, 927.5183596180734, 924.9992563682074, -11.633590854019106, 6.6356922804826795, 109.72261848938577, 47.25, 44.5
54.004196, PATH_FOLLOWING, 12.65, -9.0, 96.55210927994412, -110.13399976725674, 5.134041949455094, 5.134041949455094, 32.7665966196334, 32.62968883431459, 1.25, 9.87728054621292, 10.947280598665007, 0.6334224426110032, 114.16638042962445, 109.60278758566437, -29.668834041283947, 0.5796217056482189, -77.45694972146066, -82.21221346486706, -27.121386857189485, 10.797601600662183, 111.0224883965533, 42.125, 51.75
54.044940999999994, PATH_FOLLOWING, -8.350000000000001, -9.0, -203.80578101649212, 329.97387392566606, 3.664565053699947, 7.16484076501733, 45.909744010238434, 39.93143738465073, 2.0199999809265137, 9.884951128065989, 11.524951113760874, 1.2383512827101266, -162.28497067274407, -169.44981143776138, -44.67139272752831, 1.2383512827101266, 163.58049623269756, 159.9159311789976, -38.6930861019406, 16.281935126326164, 110.98581502510228, 45.25, 62.125
54.103232, PATH_FOLLOWING, -8.350000000000001, -9.0, -18.60728308024928, -24.551971489747647, 3.4957121184734237, 6.361648424480356, 39.88580145621113, -0.6389029981544116, 3.950000047683716, 9.910601284976108, 13.620601323123081, 2.3906840002772385, -9.706828306197977, -16.068476730678334, -37.49511745593389, 2.3906840002772385, 66.69645765892052, 63.2007455404471, 1.2954217177268186, 22.661389159223226, 111.07099005369574, 61.625, 66.0
54.143758999999996, PATH_FOLLOWING, -8.350000000000001, -2.736070381231672, 289.69974533752793, 1023.959660000586, 2.8066095990354514, 4.759827336250367, 9.94863239983298, -14.192773744715858, 4.619999885559082, 9.943951007117166, 14.563950892676248, 3.3852814368448345, 309.4298284166295, 304.51940251652843, -9.529686311562202, 3.1193144283451057, 1047.6182385022687, 1044.7568657891056, 16.94700074554416, 26.933195279702748, 112.86618966679418, 45.375, 47.375
54.180544999999995, PATH_FOLLOWING, 8.350000000000001, 9.2, 6.8077445489438535, -77.32815126194055, 3.176260619396218, 3.952071402869432, -23.685046860152834, -10.359355755789391, 5.480000019073486, 9.999355786554187, 15.479355805627673, 4.566720410404591, 2.8398401315203285, -1.1122312713491036, 26.563237918292195, 4.408698650507511, -0.3002301302914612, -3.476490749687679, 14.768054406296901, 31.28002380526928, 110.99636907604184, 61.75, 33.125
54.221712999999994, PATH_FOLLOWING, 2.8375366568914955, -7.041642228739002, -150.97385060567112, 79.25316154537308, 4.3080316446983185, 3.8516723603023104, -29.480809771982138, 1.2321700678692225, 5.849999904632568, 10.079794824646738, 15.869794786499765, 5.757326708686442, 0.6521038204992795, -3.16305979705135, 35.92267540726259, 5.757326708686442, -1.3000452001654281, -5.608076844863747, 5.666054851807241, 35.65084004226479, 110.99533301368231, 45.625, 49.875
54.263256, PATH_FOLLOWING, -0.4729227761485825, -9.2, -29.524503368836452, -54.355973098164476, 4.139178709471795, 3.879053917366071, -15.42494381258508, 12.276064750252624, 5.710000038146973, 10.206892182330225, 15.916892220477198, 7.506738744559385, -13.306272441716832, -17.13512683779934, 24.20948855345329, 7.30013016363521, -35.37025558322081, -39.69654159929497, -4.382667516902604, 40.15718958602548, 110.96021444074312, 25.5, 72.5
54.302861, PATH_FOLLOWING, -8.2, -9.2, 78.54605819712317, -117.43504155269389, 2.1038163010655984, 4.317158830386239, -2.0992527082216386, 4.472320987080882, 5.210000038146973, 10.376650818118035, 15.586650856265008, 9.269214218161311, -9.530898384893678, -13.848057215279917, 12.144277709856164, 9.038312226723589, -7.941780747047051, -10.04559704811265, 2.9230978158170764, 44.602065750080754, 110.97643251296705, 48.625, 60.5
54.338226999999996, PATH_FOLLOWING, 7.069794721407624, -5.9450146627565985, 93.98001946882452, -92.51397744645863, 2.2133425293206406, 3.5459116397569845, 2.373068278859243, -15.83566716854149, 5.46999979019165, 10.564773926991487, 16.034773717183135, 10.717766115811058, 107.28973705226953, 103.30572049949238, 8.16215412319341, 10.717766115811058, -79.56098296429138, -81.80627064351974, 25.18435543116452, 48.369192857820195, 111.03939435868554, 57.875, 52.5
54.382481, PATH_FOLLOWING, -8.15, -0.7227272727272728, -63.79670903043072, 75.30786948788806, 2.1083798939095586, 3.176260619396218, -2.8294275632552517, -19.303997729951153, 5.739999771118164, 10.87168275794997, 16.611682529068133, 13.086602823999934, -52.68232328159354, -56.118708693095485, 15.322763317540375, 13.086602823999934, 84.73620102470629, 82.59131238804505, 33.485862836501504, 53.081695547774046, 111.03600187058098, 41.0, 43.125
54.422782999999995, PATH_FOLLOWING, 8.15, 7.95, 240.37377730471115, -206.8835685359662, 1.4557861172232665, 1.6200754596058295, -13.09751146216544, -11.272074324581405, 5.329999923706055, 11.273830317895062, 16.603830241601116, 15.081183500409354, 247.69483862297278, 246.0473816063032, 27.220340465343178, 15.081183500409354, -200.5558975305243, -202.01168364774756, 27.129068608463974, 57.789922651344995, 111.05295754068212, 40.75, 46.125
54.463299, PATH_FOLLOWING, 8.15, -7.95, 198.3055250960079, -263.06486493380703, 0.4609228772399684, 2.099252708221638, -20.125444441863966, -9.172821616359768, 4.510000228881836, 11.797316554658108, 16.307316783539946, 18.131438914347317, 178.09470324593292, 175.9954505377113, 38.48506299840929, 18.131438914347317, -144.4456859297538, -144.90660880699377, 27.304260530707083, 62.515749563056005, 111.13758837975473, 54.75, 65.25
54.503088, PATH_FOLLOWING, 8.15, -8.45, 141.18999740682438, -186.0984602972396, -1.159152582365861, 2.8887542702267326, -7.210476693456932, -19.89726479966596, 5.75, 12.405903724377222, 17.43590393418557, 20.70711338657842, 336.5806731263983, 333.74211837745514, 29.149760147904573, 20.70711338657842, -382.91644149503463, -381.85312436239195, 39.78293147433157, 67.01151972279801, 110.97303489727287, 60.125, 45.25
54.542707, PATH_FOLLOWING, 7.800000000000001, -8.45, 233.45950231799068, -196.56848865531921, -2.907008641602573, 4.079852002500314, 8.944641974161764, -29.982804984817747, 7.96999979019165, 12.989043338042643, 20.959043128234292, 22.69327158339942, 240.68892640555555, 236.96503464488413, 17.034416456888916, 22.69327158339942, -209.15516140088036, -206.48545958716372, 51.67208614254595, 70.55685254446706, 111.08239458624774, 56.0, 47.125
54.581469, PATH_FOLLOWING, 7.800000000000001, -8.45, -140.28880228204554, 131.1433150395692, -4.92868027147689, 5.613219198070903, 25.008488784901253, -43.125952375422784, 13.390000343322754, 13.892661927412675, 25.102661965559648, 25.714191558226684, -129.26244479166954, -134.62466638332265, 2.166052483392651, 25.37786533248489, 105.05214351142854, 109.78915288345911, 66.67838057032365, 75.19458681887565, 110.98746657706093, 49.25, 49.75
